,,,,ترانه هاي قديمي,,,,,
,,,,CD 1 (1 - 23),,,,,
,,,,شماره,مطلع و نام ترانه,اجرا,آهنگ ساز,ترانه سرا,دستگاه (نغمه)
,,,,1-1,آسمان هر شب به ماه (آسمان),پوران,قديمي,قديمي,چهارگاه
,,,,1-2,آسمان هر شب به ماه (آسمان),پريسا,قديمي,قديمي,چهارگاه
,,,,1-3,آسمان هر شب به ماه (آسمان),محسن كرامتي,قديمي,قديمي,چهارگاه
,,,,2-1,اگر دل مي بري جانا,پريسا,سماع حضور,جلال اسير,بيات ترك
,,,,2-2,اگر دل مي بري جانا,محسن كرامتي,سماع حضور,جلال اسير,بيات ترك
,,,,3-1,امشب چه شبي است (مبارك بادا),روح انگيز,قديمي,قديمي,چهارگاه
,,,,3-2,امشب چه شبي است (مبارك بادا),حسين همدانيان,قديمي,قديمي,چهارگاه
,,,,3-3,امشب چه شبي است (مبارك بادا),آفت,قديمي,قديمي,چهارگاه
,,,,3-4,امشب چه شبي است (مبارك بادا),عهديه,قديمي,قديمي,چهارگاه
,,,,شماره,مطلع و نام ترانه,اجرا,آهنگ ساز,ترانه سرا,دستگاه (نغمه)
,,,,3-5,امشب چه شبي است (مبارك بادا),جلال همتي,قديمي,قديمي,چهارگاه
,,,,4-1,اي تير غمت دل عشاق (اي تير غمت),پريسا,حاجي خان,خيالي بخارايي,ماهور
,,,,4-2,اي تير غمت دل عشاق,ايرج,حاجي خان,خيالي بخارايي,ماهور
,,,,4-3,اي تير غمت دل عشاق,هايده,حاجي خان,خيالي بخارايي,ماهور
,,,,4-4,اي تير غمت دل عشاق,محسن كرامتي,حاجي خان,خيالي بخارايي,ماهور
,,,,5,اي خسرو خوبان نظري (خسرو خوبان),شجريان,قديمي,عراقي,ماهور
,,,,6-1,اي كبوتر از آشيان كرانه كردي (كبوتر),عبدالله دوامي,حسام مراد,بهار,ابوعطا
,,,,6-2,اي كبوتر از آشيان كرانه كردي,شجريان,حسام مراد,بهار,ابوعطا
,,,,7-1,اي مه من اي بت چين (بت چين),مرضيه,قديمي,قديمي,اصفهان
,,,,شماره,مطلع و نام ترانه,اجرا,آهنگ ساز,ترانه سرا,دستگاه (نغمه)
,,,,7-2,اي مه من اي بت چين,شجريان,قديمي,قديمي,اصفهان
,,,,7-3,اي مه من اي بت چين,شجريان,قديمي,قديمي,اصفهان
,,,,7-4,اي مه من اي بت چين,زند وكيل,قديمي,قديمي,اصفهان
,,,,7-5,اي مه من اي بت چين,رضوي سروستاني,قديمي,قديمي,اصفهان
,,,,7-6,اي مه من اي بت چين,رضوي سروستاني,قديمي,قديمي,اصفهان
,,,,7-7,اي مه من اي بت چين,سيما مافيها,قديمي,قديمي,اصفهان
,,,,7-8,اي مه من اي بت چين,عقيلي - شهلا سرشار,قديمي,قديمي,اصفهان
,,,,7-9,اي مه من اي بت چين,كارگشا,قديمي,قديمي,اصفهان
,,,,7-10,اي مه من اي بت چين,مرتضي,قديمي,قديمي,اصفهان
,,,,7-11,اي مه من اي بت چين,محسن كرامتي,قديمي,قديمي,اصفهان
,,,,7-12,اي مه من اي بت چين,يولدوز,قديمي,قديمي,اصفهان
,,,,شماره,مطلع و نام ترانه,اجرا,آهنگ ساز,ترانه سرا,دستگاه (نغمه)
,,,,7-13,اي مه من اي بت چين,سيامك شجريان,قديمي,قديمي,اصفهان
,,,,8,بار فراق دوستان (فراق),صديق تعريف,قديمي,سعدي,بيات ترك
,,,,9-1,باد صبا بر گل گذر كن (باد صبا),پروين,حسام مراد,بهار,همايون
,,,,9-2,باد صبا بر گل گذر كن,شجريان,حسام مراد,بهار,همايون
,,,,9-3,باد صبا بر گل گذر كن,سيمين غانم,حسام مراد,بهار,همايون
,,,,9-4,باد صبا بر گل گذر كن,محسن كرامتي,حسام مراد,بهار,همايون
,,,,10,تا به تو افتدم نظر (چهره به چهره),شجريان,قديمي,طاهره قره العين,شور
,,,,11-1,تا به تو افتدم نظر (چهره به چهره),شجريان,قديمي,طاهره قره العين,نوا
,,,,شماره,مطلع و نام ترانه,اجرا,آهنگ ساز,ترانه سرا,دستگاه (نغمه)
,,,,11-2,تا به تو افتدم نظر,شجريان,قديمي,طاهره قره العين,نوا
,,,,11-3,تا به تو افتدم نظر,هوشمند عقيلي,قديمي,طاهره قره العين,نوا
,,,,11-4,تا به تو افتدم نظر,فريدون فروغي,قديمي,طاهره قره العين,نوا
,,,,11-5,تا به تو افتدم نظر,محسن كرامتي,قديمي,طاهره قره العين,نوا
,,,,12-1,تا كي به تمناي وصال تو يگانه (تمناي وصال),الهه,حاجي خان,بهايي بخارايي,شور
,,,,12-2,تا كي به تمناي وصال تو يگانه,خاطره پروانه,حاجي خان,بهايي بخارايي,شور
,,,,12-3,تا كي به تمناي وصال تو يگانه,مختاباد,حاجي خان,بهايي بخارايي,شور
,,,,12-4,تا كي به تمناي وصال تو يگانه,شكيلا,حاجي خان,بهايي بخارايي,شور
,,,,12-5,تا كي به تمناي وصال تو يگانه,محسن كرامتي,حاجي خان,بهايي بخارايي,شور
,,,,شماره,مطلع و نام ترانه,اجرا,آهنگ ساز,ترانه سرا,دستگاه (نغمه)
,,,,13-1,تا كي به تمناي وصال تو يگانه,شهرام ناظري,حاجي خان,بهايي بخارايي,حجاز
,,,,13-2,تا كي به تمناي وصال تو يگانه,شهرام ناظري,حاجي خان,بهايي بخارايي,حجاز
,,,,14-1,خواهم كه بر زلفت (چشم نرگس),شجريان,قديمي,شوريده اعمي,حجاز
,,,,14-2,خواهم كه بر زلفت,سيما بينا,قديمي,شوريده اعمي,دشتي
,,,,14-3,خواهم كه بر زلفت,معين,قديمي,شوريده اعمي,دشتي
,,,,14-4,خواهم كه بر زلفت,,قديمي,شوريده اعمي,دشتي
,,,,14-5,خواهم كه بر زلفت,عليرضا افتخاري,قديمي,شوريده اعمي,دشتي
,,,,14-6,خواهم كه بر زلفت,محسن كرامتي,حاجي خان,بهايي بخارايي,دشتي
,,,,شماره,مطلع و نام ترانه,اجرا,آهنگ ساز,ترانه سرا,دستگاه (نغمه)
,,,,15-1,شبي ياد و دارم كه چشمم نخفت (شمع و پروانه),قمر,مرتضي ني داوود,سعدي,بيات ترك
,,,,15-2,شبي ياد و دارم كه چشمم نخفت,عهديه,مرتضي ني داوود,سعدي,بيات ترك
,,,,15-3,شبي ياد و دارم كه چشمم نخفت,شهرام ناظري,مرتضي ني داوود,سعدي,بيات ترك
,,,,15-4,شبي ياد و دارم كه چشمم نخفت,صديق تعريف,مرتضي ني داوود,سعدي,بيات ترك
,,,,15-5,شبي ياد و دارم كه چشمم نخفت,زويا ثابت,مرتضي ني داوود,سعدي,بيات ترك
,,,,15-6,شبي ياد و دارم كه چشمم نخفت,محسن كرامتي,مرتضي ني داوود,سعدي,شور
,,,,15-7,شبي ياد و دارم كه چشمم نخفت,محسن كرامتي,مرتضي ني داوود,سعدي,بيات ترك
,,,,15-8,شبي ياد و دارم كه چشمم نخفت,شيدا - جاهد,مرتضي ني داوود,سعدي,بيات ترك
,,,,شماره,مطلع و نام ترانه,اجرا,آهنگ ساز,ترانه سرا,دستگاه (نغمه)
,,,,16,شبي ياد و دارم كه چشمم نخفت (شمع و پروانه),شجريان,مرتضي ني داوود,سعدي,شور
,,,,17-1,صبح شد باز واي بر من و دل (صبح شد باز),پوران,حبيب سماعي,مظفر شيرازي,افشاري
,,,,17-2,صبح شد باز واي بر من و دل ,محسن كرامتي,حبيب سماعي,مظفر شيرازي,افشاري
,,,,18-1,صورتگر نقاش چين,مرضيه,قديمي,قديمي,ماهور
,,,,18-2,صورتگر نقاش چين,مرضيه,قديمي,قديمي,ماهور
,,,,18-3,صورتگر نقاش چين,محسن كرامتي,قديمي,قديمي,همايون
,,,,18-4,صورتگر نقاش چين,محسن كرامتي,قديمي,قديمي,ماهور
,,,,18-5,صورتگر نقاش چين,محسن كرامتي,قديمي,قديمي,چهارگاه
,,,,19,كش كش كش مكش,صديق تعريف,قديمي,دهقان ساماني,بيات ترك
,,,,شماره,مطلع و نام ترانه,اجرا,آهنگ ساز,ترانه سرا,دستگاه (نغمه)
,,,,20,ما برفتيم و تو داني,پريسا,قديمي,قديمي,نوا
,,,,21-1,نازار دلي را كه تو جانش باشي,شجريان,قديمي,مولوي,شور
,,,,21-2,نازار دلي را كه تو جانش باشي,خاطره پروانه,قديمي,مولوي,شور
,,,,21-3,نازار دلي را كه تو جانش باشي,شاهرخ,قديمي,مولوي,شور
,,,,21-4,نازار دلي را كه تو جانش باشي,محسن كرامتي,قديمي,مولوي,شور
,,,,22-1,همچو فرهاد بود كوه كني,پريسا,قديمي,نيشابوري,بيات ترك
,,,,22-2,همچو فرهاد بود كوه كني,شهرام ناظري,قديمي,نيشابوري,بيات ترك
,,,,22-3,همچو فرهاد بود كوه كني,سالار عقيلي,قديمي,نيشابوري,بيات ترك
,,,,23-1,يك حمومي من بسازم,غزال,قديمي,قديمي,افشاري
,,,,23-2,يك حمومي من بسازم,گروه كر,قديمي,قديمي,افشاري
,,,,ترانه هاي علي اكبر شيدا,,,,,
,,,,CD 2 (24 - 44),,,,,
,,,,شماره,مطلع و نام ترانه,اجرا,آهنگ ساز,ترانه سرا,دستگاه (نغمه)
,,,,24-1,از بس به تار زلفت (تار زلف),پوران,شيدا,شيدا,سه گاه
,,,,24-2,از بس به تار زلفت,شجريان,شيدا,شيدا,سه گاه
,,,,24-3,از بس به تار زلفت,محسن كرامتي,شيدا,شيدا,سه گاه
,,,,25-1,از غم عشق تو اي صنم (غم عشق),عبدالله دوامي,شيدا,شيدا,سه گاه
,,,,25-2,از غم عشق تو اي صنم,شهرام ناظري,شيدا,شيدا,سه گاه
,,,,25-3,از غم عشق تو اي صنم,شجريان,شيدا,شيدا,سه گاه
,,,,25-4,از غم عشق تو اي صنم,محسن كرامتي,شيدا,شيدا,سه گاه
,,,,26-1,از نوك مژگان مي زني تيرم چند (ناوك مژگان),نادر گلچين,شيدا,شيدا,همايون
,,,,شماره,مطلع و نام ترانه,اجرا,آهنگ ساز,ترانه سرا,دستگاه (نغمه)
,,,,26-2,از نوك مژگان مي زني تيرم چند,هايده,شيدا,شيدا,همايون
,,,,26-3,از نوك مژگان مي زني تيرم چند,امير اشكبوس,شيدا,شيدا,همايون
,,,,26-4,از نوك مژگان مي زني تيرم چند,محسن كرامتي,شيدا,شيدا,همايون
,,,,26-5,از نوك مژگان مي زني تيرم چند,مهستي - ستار,شيدا,شيدا,همايون
,,,,27-1,اگر مستم من از عشق تو مستم (مشكل پسند),مرضيه,شيدا,شيدا,ماهور
,,,,27-2,اگر مستم من از عشق تو مستم,مرضيه,شيدا,شيدا,ماهور
,,,,27-3,اگر مستم من از عشق تو مستم,خاطره پروانه,شيدا,شيدا,ماهور
,,,,27-4,اگر مستم من از عشق تو مستم,اصغر زند وكيل,شيدا,شيدا,ماهور
,,,,27-5,اگر مستم من از عشق تو مستم,سيما بينا,شيدا,شيدا,ماهور
,,,,27-6,اگر مستم من از عشق تو مستم,گروه كر,شيدا,شيدا,ماهور
,,,,28-1,امشب به بر من است و آن مايه ناز (شب مهتاب),روح انگيز,شيدا,شيدا,اصفهان
,,,,شماره,مطلع و نام ترانه,اجرا,آهنگ ساز,ترانه سرا,دستگاه (نغمه)
,,,,28-2,امشب به بر من است و آن مايه ناز,مرضيه,شيدا,شيدا,اصفهان
,,,,28-3,امشب به بر من است و آن مايه ناز,سيما مافيها,شيدا,شيدا,اصفهان
,,,,28-4,امشب به بر من است و آن مايه ناز,زند وكيل,شيدا,شيدا,اصفهان
,,,,28-5,امشب به بر من است و آن مايه ناز,سيما بينا,شيدا,شيدا,اصفهان
,,,,28-6,امشب به بر من است و آن مايه ناز,گروه كر,شيدا,شيدا,اصفهان
,,,,28-7,امشب به بر من است و آن مايه ناز,هايده - گلپا,شيدا,شيدا,اصفهان
,,,,28-8,امشب به بر من است و آن مايه ناز,ليلا,شيدا,شيدا,اصفهان
,,,,28-9,امشب به بر من است و آن مايه ناز,امير آرام,شيدا,شيدا,اصفهان
,,,,28-10,امشب به بر من است و آن مايه ناز,محسن كرامتي,شيدا,شيدا,اصفهان
,,,,29-1,ماه غلام رخ زيباي توست,مرضيه,شيدا,شيدا,اصفهان
,,,,29-2,ماه غلام رخ زيباي توست,زند وكيل,شيدا,شيدا,اصفهان
,,,,29-3,ماه غلام رخ زيباي توست,سيما بينا,شيدا,شيدا,اصفهان
,,,,29-4,ماه غلام رخ زيباي توست,علي رستميان,شيدا,شيدا,اصفهان
,,,,شماره,مطلع و نام ترانه,اجرا,آهنگ ساز,ترانه سرا,دستگاه (نغمه)
,,,,29-5,ماه غلام رخ زيباي توست,هايده - گلپا,شيدا,شيدا,اصفهان
,,,,29-6,ماه غلام رخ زيباي توست,محسن كرامتي,شيدا,شيدا,اصفهان
,,,,30-1,اي زلف سر كجت,پوران,شيدا,شيدا,ماهور
,,,,30-2,اي زلف سر كجت,سيما مافيها,شيدا,شيدا,ماهور
,,,,30-3,اي زلف سر كجت,زند وكيل,شيدا,شيدا,ماهور
,,,,30-4,اي زلف سر كجت,سيما بينا,شيدا,شيدا,ماهور
,,,,30-5,اي زلف سر كجت,هايده,شيدا,شيدا,ماهور
,,,,30-6,اي زلف سر كجت,شجريان,شيدا,شيدا,ماهور
,,,,30-7,اي زلف سر كجت,محسن كرامتي,شيدا,شيدا,ماهور
,,,,31-1,اي كه به پيش قامتت سرو چمن خجل شده,شجريان,شيدا,شيدا,ابوعطا
,,,,31-2,باشد از لعل تو يك بوسه,عبدالله دوامي,شيدا,شيدا,اصفهان
,,,,شماره,مطلع و نام ترانه,اجرا,آهنگ ساز,ترانه سرا,دستگاه (نغمه)
,,,,31-3,باشد از لعل تو يك بوسه,مرضيه,شيدا,شيدا,اصفهان
,,,,32-1,باشد از لعل تو يك بوسه,عبدالله دوامي,شيدا,شيدا,اصفهان
,,,,32-2,باشد از لعل تو يك بوسه,عبدالله دوامي,شيدا,شيدا,اصفهان
,,,,32-3,باشد از لعل تو يك بوسه,مرضيه,شيدا,شيدا,اصفهان
,,,,32-4,باشد از لعل تو يك بوسه,سيما بينا,شيدا,شيدا,اصفهان
,,,,32-5,باشد از لعل تو يك بوسه,پوران,شيدا,شيدا,اصفهان
,,,,32-6,باشد از لعل تو يك بوسه,سيما مافيها,شيدا,شيدا,اصفهان
,,,,32-7,باشد از لعل تو يك بوسه,محسن كرامتي,شيدا,شيدا,اصفهان
,,,,33-1,تو دوري از برم (دل شيدا),سيامك شجريان,شيدا,شيدا,مخالف سه گاه
,,,,33-2,تو دوري از برم,شجريان,شيدا,شيدا,مخالف سه گاه
,,,,شماره,مطلع و نام ترانه,اجرا,آهنگ ساز,ترانه سرا,دستگاه (نغمه)
,,,,33-3,تو دوري از برم,خاطره پروانه,شيدا,شيدا,مخالف سه گاه
,,,,33-4,تو دوري از برم (دل شيدا),سيما بينا,شيدا,شيدا,مخالف سه گاه
,,,,33-5,تو دوري از برم,شهلا سرشار,شيدا,شيدا,مخالف سه گاه
,,,,33-6,تو دوري از برم,سيامك شجريان,شيدا,شيدا,مخالف سه گاه
,,,,33-7,تو دوري از برم,محسن كرامتي,شيدا,شيدا,اصفهان
,,,,34-1,چشم بي سرمه، واي بي سرمه,مرضيه,شيدا,شيدا,شور
,,,,34-2,چشم بي سرمه، واي بي سرمه,پريسا,شيدا,شيدا,شور
,,,,34-3,چشم بي سرمه، واي بي سرمه,محسن كرامتي,شيدا,شيدا,شور
,,,,35-1,چين زلف مشكين را,پريسا,شيدا,شيدا,اصفهان
,,,,35-2,چين زلف مشكين را,محسن كرامتي,شيدا,شيدا,اصفهان
,,,,شماره,مطلع و نام ترانه,اجرا,آهنگ ساز,ترانه سرا,دستگاه (نغمه)
,,,,36-1,در غم عشق تو اي صنم,پروين - شهيدي,شيدا,شيدا,سه گاه
,,,,37-1,دوش، دوش، دوش كه آن مه لقا,جمال صفوي (ج.ص),شيدا,شيدا,افشاري
,,,,37-2,دوش، دوش، دوش كه آن مه لقا,مرضيه,شيدا,شيدا,افشاري
,,,,37-3,دوش، دوش، دوش كه آن مه لقا,شجريان,شيدا,شيدا,افشاري
,,,,37-4,دوش، دوش، دوش كه آن مه لقا,محسن كرامتي,شيدا,شيدا,افشاري
,,,,38-1,عشق تو آتش جانا,دوامي,شيدا,شيدا,ماهور
,,,,38-2,عشق تو آتش جانا,شهيدي,شيدا,شيدا,ماهور
,,,,38-3,عشق تو آتش جانا,خاطره پروانه,شيدا,شيدا,ماهور
,,,,38-4,عشق تو آتش جانا,شجريان,شيدا,شيدا,ماهور
,,,,38-5,عشق تو آتش جانا,شجريان,شيدا,شيدا,ماهور
,,,,38-6,عشق تو آتش جانا,افتخاري,شيدا,شيدا,ماهور
,,,,38-7,عشق تو آتش جانا,محسن كرامتي,شيدا,شيدا,ماهور
,,,,شماره,مطلع و نام ترانه,اجرا,آهنگ ساز,ترانه سرا,دستگاه (نغمه)
,,,,39-1,عقرب زلف كجت با قمر قرينه,سيما مافيها,شيدا,شيدا,همايون
,,,,39-2,عقرب زلف كجت با قمر قرينه,پوران,شيدا,شيدا,همايون
,,,,39-3,عقرب زلف كجت با قمر قرينه,پوران,شيدا,شيدا,همايون
,,,,39-4,عقرب زلف كجت با قمر قرينه,غزال,شيدا,شيدا,همايون
,,,,39-5,عقرب زلف كجت با قمر قرينه,ايرج بسطامي,شيدا,شيدا,همايون
,,,,39-6,عقرب زلف كجت با قمر قرينه,مهستي - ستار,شيدا,شيدا,همايون
,,,,39-7,عقرب زلف كجت با قمر قرينه,ستار,شيدا,شيدا,همايون
,,,,39-8,عقرب زلف كجت با قمر قرينه,مارتيك,شيدا,شيدا,همايون
,,,,39-9,عقرب زلف كجت با قمر قرينه,مختاباد,شيدا,شيدا,همايون
,,,,39-10,عقرب زلف كجت با قمر قرينه,كرامتي,شيدا,شيدا,همايون
,,,,39-11,عقرب زلف كجت با قمر قرينه,شيدا - جاهد,شيدا,شيدا,همايون
,,,,40-1,مولود نبي محبوب خداست (مولود نبي),خاطره پروانه,شيدا,شيدا,سه گاه
,,,,شماره,مطلع و نام ترانه,اجرا,آهنگ ساز,ترانه سرا,دستگاه (نغمه)
,,,,40-2,مولود نبي محبوب خداست,كرامتي,شيدا,شيدا,سه گاه
,,,,41-1,ناديده رخت,حسين طاهر زاده,شيدا,شيدا,اصفهان
,,,,41-2,ناديده رخت,پريسا,شيدا,شيدا,اصفهان
,,,,41-3,ناديده رخت,سيما مافيها,شيدا,شيدا,اصفهان
,,,,41-4,ناديده رخت,محسن كرامتي,شيدا,شيدا,اصفهان
,,,,42-1,نبود ز رُخت (راه نشين),مرضيه,شيدا,شيدا,شور
,,,,42-2,نبود ز رُخت ,شجريان,شيدا,شيدا,شور
,,,,42-3,نبود ز رُخت ,كرامتي,شيدا,شيدا,نوا
,,,,43-1,نرگس مستي به رويت همچو ماه (نرگس مستي),مرضيه,شيدا,شيدا,ماهور
,,,,43-2,نرگس مستي به رويت همچو ماه,زند وكيل,شيدا,شيدا,ماهور
,,,,شماره,مطلع و نام ترانه,اجرا,آهنگ ساز,ترانه سرا,دستگاه (نغمه)
,,,,43-3,نرگس مستي به رويت همچو ماه,محسن كرامتي,شيدا,شيدا,ماهور
,,,,44-1,هر چه كني بكن مكن (روزگار من),دوامي,شيدا,شيدا,شور
,,,,44-2,هر چه كني بكن مكن,غزال,شيدا,شيدا,شور
,,,,44-3,هر چه كني بكن مكن,رضوي سروستاني,شيدا,شيدا,شور
,,,,44-4,هر چه كني بكن مكن,شجريان,شيدا,شيدا,شور
,,,,44-5,هر چه كني بكن مكن,محسن كرامتي,شيدا,شيدا,شور
,,,,44-6,هر چه كني بكن مكن,مرضيه,شيدا,شيدا,شور
,,,,44-7,هر چه كني بكن مكن,پريسا,شيدا,شيدا,شور
,,,,ترانه هاي عارف قزويني,,,,,
,,,,CD 3 (45 - 56),,,,,
,,,,شماره,مطلع و نام ترانه,اجرا,آهنگ ساز,ترانه سرا,دستگاه (نغمه)
,,,,45-1,از كفم رها، شد قرار دل,مرضيه,عارف,عارف,افشاري
,,,,45-2,از كفم رها، شد قرار دل,سيما مافيها,عارف,عارف,افشاري
,,,,45-3,از كفم رها، شد قرار دل,شجريان,عارف,عارف,افشاري
,,,,45-4,از كفم رها، شد قرار دل,شجريان,عارف,عارف,افشاري
,,,,46-1,از كفم رها، شد قرار دل,سيما مافيها,عارف,عارف,افشاري
,,,,46-2,از كفم رها، شد قرار دل,دوامي,عارف,عارف,افشاري
,,,,46-3,از كفم رها، شد قرار دل,محسن كرامتي,عارف,عارف,افشاري
,,,,47,افتخار همه آفاقي و منظور مني (افتخار آفاق),شهيدي - الهه,عارف,عارف,سه گاه
,,,,48-1,افتخار همه آفاقي و منظور مني,شجريان,عارف,عارف,سه گاه
,,,,48-2,افتخار همه آفاقي و منظور مني,كرامتي,عارف,عارف,سه گاه
,,,,شماره,مطلع و نام ترانه,اجرا,آهنگ ساز,ترانه سرا,دستگاه (نغمه)
,,,,49-1,دل هوس سبزه و صحرا ندارد,سيما بينا,عارف,عارف,ابوعطا
,,,,50-1,دل هوس سبزه و صحرا ندارد,شهرام ناظري,عارف,عارف,ابوعطا
,,,,50-2,دل هوس سبزه و صحرا ندارد,كرامتي,عارف,عارف,ابوعطا
,,,,51,ديده مپوشان ز تماشاي گل,مرضيه,عارف,عارف,ماهور
,,,,52-1,گريه را به مستي بهانه كردم,شهيدي,عارف,عارف,دشتي
,,,,52-2,گريه را به مستي بهانه كردم,مرضيه,عارف,عارف,دشتي
,,,,52-3,گريه را به مستي بهانه كردم,شجريان,عارف,عارف,دشتي
,,,,52-4,گريه را به مستي بهانه كردم,كرامتي,عارف,عارف,دشتي
,,,,52-5,گريه را به مستي بهانه كردم,حميرا,عارف,عارف,دشتي
,,,,52-6,گريه را به مستي بهانه كردم,كرامتي,عارف,عارف,دشتي
,,,,53-1,گريه كن كه گر سيل خون گري,قمر,عارف,عارف,دشتي
,,,,53-2,گريه كن كه گر سيل خون گري,بنان,عارف,عارف,دشتي
,,,,53-3,گريه كن كه گر سيل خون گري,شهيدي,عارف,عارف,دشتي
,,,,شماره,مطلع و نام ترانه,اجرا,آهنگ ساز,ترانه سرا,دستگاه (نغمه)
,,,,53-4,گريه كن كه گر سيل خون گري,شاهرخ,عارف,عارف,دشتي
,,,,53-5,گريه كن كه گر سيل خون گري,ناظري,عارف,عارف,دشتي
,,,,53-6,گريه كن كه گر سيل خون گري,كرامتي,عارف,عارف,دشتي
,,,,53-7,گريه كن كه گر سيل خون گري,بسطامي,عارف,عارف,دشتي
,,,,54-1,نمي دانم چه در پيمانه كردي,الهه,عارف,عارف,افشاري
,,,,54-2,نمي دانم چه در پيمانه كردي,پريسا,عارف,عارف,افشاري
,,,,54-3,نمي دانم چه در پيمانه كردي,سيما مافيها,عارف,عارف,افشاري
,,,,54-4,نمي دانم چه در پيمانه كردي,كرامتي,عارف,عارف,افشاري
,,,,55-1,هنگام مي و فصل گل و گشت و (از خون جوانان وطن),الهه,عارف,عارف,دشتي
,,,,55-2,هنگام مي و فصل گل و گشت و,سيما مافيها,عارف,عارف,دشتي
,,,,55-3,هنگام مي و فصل گل و گشت و,پريسا,عارف,عارف,دشتي
,,,,55-4,هنگام مي و فصل گل و گشت و,پريسا,عارف,عارف,دشتي
,,,,شماره,مطلع و نام ترانه,اجرا,آهنگ ساز,ترانه سرا,دستگاه (نغمه)
,,,,55-5,هنگام مي و فصل گل و گشت و,سالار عقيلي,عارف,عارف,دشتي
,,,,55-6,هنگام مي و فصل گل و گشت و,كارگشا,عارف,عارف,دشتي
,,,,55-7,هنگام مي و فصل گل و گشت و,محسن كرامتي,عارف,عارف,دشتي
,,,,56-1,از خون جوانان وطن,شجريان,عارف,عارف,دشتي
,,,,56-2,از خون جوانان وطن,كرامتي,عارف,عارف,دشتي
,,,,ترانه هاي قمرالملوك وزيري,,,,,
,,,,CD 3 (57 - 65),,,,,
,,,,شماره,مطلع و نام ترانه,اجرا,آهنگ ساز,ترانه سرا,دستگاه (نغمه)
,,,,57-1,آتشي در سينه دارم جاوداني,قمر,مرتضي ني داوود,پژمان بختياري,شور (دشتي)
,,,,57-2,آتشي در سينه دارم جاوداني,روح انگيز,مرتضي ني داوود,پژمان بختياري,شور (دشتي)
,,,,57-3,آتشي در سينه دارم جاوداني,شهيدي,مرتضي ني داوود,پژمان بختياري,شور (دشتي)
,,,,57-4,آتشي در سينه دارم جاوداني,هنگامه اخوان,مرتضي ني داوود,پژمان بختياري,شور (دشتي)
,,,,57-5,آتشي در سينه دارم جاوداني,صديق تعريف,مرتضي ني داوود,پژمان بختياري,شور (دشتي)
,,,,57-6,آتشي در سينه دارم جاوداني,شيدا - جاهد,مرتضي ني داوود,پژمان بختياري,شور (دشتي)
,,,,57-7,آتشي در سينه دارم جاوداني,منيژه دروديان,مرتضي ني داوود,پژمان بختياري,شور (دشتي)
,,,,شماره,مطلع و نام ترانه,اجرا,آهنگ ساز,ترانه سرا,دستگاه (نغمه)
,,,,57-8,آتشي در سينه دارم جاوداني,همايون شجريان,مرتضي ني داوود,پژمان بختياري,شور (دشتي)
,,,,58-1,امان از اين دل كه داد,قمر,امير جاهد,امير جاهد,سه گاه
,,,,58-2,امان از اين دل كه داد,سروش ايزدي,امير جاهد,امير جاهد,سه گاه
,,,,59-1,تا من آن نرگس مست تو ديدم (نرگس مست),قمر,امير جاهد,امير جاهد,شور
,,,,59-2,تا من آن نرگس مست تو ديدم,شهيدي,امير جاهد,امير جاهد,شور
,,,,59-3,تا من آن نرگس مست تو ديدم,تعريف,امير جاهد,امير جاهد,شور
,,,,59-4,تا من آن نرگس مست تو ديدم,سيامك شجريان,امير جاهد,امير جاهد,شور
,,,,60-1,در بهار اميد بايد آنچه روييد,قمر,امير جاهد,امير جاهد,افشاري
,,,,شماره,مطلع و نام ترانه,اجرا,آهنگ ساز,ترانه سرا,دستگاه (نغمه)
,,,,60-2,در بهار اميد بايد آنچه روييد,ناظري,امير جاهد,امير جاهد,افشاري
,,,,61-1,ز من نگارم خبر ندارد (ز من نگارم),قمر,درويش خان,بهار,ماهور
,,,,61-2,ز من نگارم خبر ندارد,مرضيه,درويش خان,بهار,ماهور
,,,,61-3,ز من نگارم خبر ندارد,شهيدي,درويش خان,بهار,ماهور
,,,,61-4,ز من نگارم خبر ندارد,ناصح پور,درويش خان,بهار,ماهور
,,,,61-5,ز من نگارم خبر ندارد,شجريان,درويش خان,بهار,ماهور
,,,,61-6,ز من نگارم خبر ندارد,شجريان,درويش خان,بهار,ماهور
,,,,61-7,ز من نگارم خبر ندارد,افتخاري,درويش خان,بهار,ماهور
,,,,شماره,مطلع و نام ترانه,اجرا,آهنگ ساز,ترانه سرا,دستگاه (نغمه)
,,,,61-8,ز من نگارم خبر ندارد,پريسا,درويش خان,بهار,ماهور
,,,,62-1,عروس گل از باد صبا (عروس گل),سيما بينا,درويش خان,بهار,سه گاه
,,,,63-1,مرغ سحر ناله سر كن,قمر,مرتضي ني داوود,بهار,ماهور
,,,,63-2,مرغ سحر ناله سر كن,ايران الدوله,مرتضي ني داوود,بهار,ماهور
,,,,63-3,مرغ سحر ناله سر كن,ملوك ضرابي,مرتضي ني داوود,بهار,ماهور
,,,,63-4,مرغ سحر ناله سر كن,روح انگيز,مرتضي ني داوود,بهار,ماهور
,,,,63-5,مرغ سحر ناله سر كن,نادر گلچين,مرتضي ني داوود,بهار,ماهور
,,,,63-6,مرغ سحر ناله سر كن,هنگامه اخوان,مرتضي ني داوود,بهار,ماهور
,,,,شماره,مطلع و نام ترانه,اجرا,آهنگ ساز,ترانه سرا,دستگاه (نغمه)
,,,,63-7,مرغ سحر ناله سر كن,شجريان,مرتضي ني داوود,بهار,ماهور
,,,,63-8,مرغ سحر ناله سر كن,شجريان,مرتضي ني داوود,بهار,ماهور
,,,,63-9,مرغ سحر ناله سر كن,اكرم بنايي,مرتضي ني داوود,بهار,ماهور
,,,,63-10,مرغ سحر ناله سر كن,فاضل جمشيدي,مرتضي ني داوود,بهار,ماهور
,,,,63-11,مرغ سحر ناله سر كن,شكيلا,مرتضي ني داوود,بهار,ماهور
,,,,63-12,مرغ سحر ناله سر كن,فرهاد مهراد,مرتضي ني داوود,بهار,ماهور
,,,,63-13,مرغ سحر ناله سر كن,شجريان,مرتضي ني داوود,بهار,ماهور
,,,,63-14,مرغ سحر ناله سر كن,هوشمند عقيلي,مرتضي ني داوود,بهار,ماهور
,,,,شماره,مطلع و نام ترانه,اجرا,آهنگ ساز,ترانه سرا,دستگاه (نغمه)
,,,,63-15,مرغ سحر ناله سر كن,جمال منيري,مرتضي ني داوود,بهار,ماهور
,,,,63-16,مرغ سحر ناله سر كن,مهناز معمار,مرتضي ني داوود,بهار,ماهور
,,,,63-17,مرغ سحر ناله سر كن,همايون شجريان,مرتضي ني داوود,بهار,ماهور
,,,,63-18,مرغ سحر ناله سر كن,سالار عقيلي,مرتضي ني داوود,بهار,ماهور
,,,,63-19,مرغ سحر ناله سر كن,عالم قاسم اف,مرتضي ني داوود,بهار,ماهور
,,,,63-20,مرغ سحر ناله سر كن,حميد,مرتضي ني داوود,بهار,ماهور
,,,,64-1,موسم گل، دورة حُسن,قمر,موسي معروفي,وحيد دستگردي,دشتي
,,,,64-2,موسم گل، دورة حُسن,دلكش,موسي معروفي,وحيد دستگردي,دشتي
,,,,شماره,مطلع و نام ترانه,اجرا,آهنگ ساز,ترانه سرا,دستگاه (نغمه)
,,,,64-3,موسم گل، دورة حُسن,پوران,موسي معروفي,وحيد دستگردي,دشتي
,,,,64-4,موسم گل، دورة حُسن,هنگامه اخوان,موسي معروفي,وحيد دستگردي,دشتي
,,,,64-5,موسم گل، دورة حُسن,ايرج بسطامي,موسي معروفي,وحيد دستگردي,دشتي
,,,,64-6,موسم گل، دورة حُسن,منيژه دروديان,موسي معروفي,وحيد دستگردي,دشتي
,,,,65-1,هزار دستان به چمن,قمر,امير جاهد,امير جاهد,چهارگاه
,,,,65-2,هزار دستان به چمن,شجريان,امير جاهد,امير جاهد,چهارگاه
,,,,65-3,هزار دستان به چمن,سالار عقيلي,امير جاهد,امير جاهد,چهارگاه
,,,,65-4,هزار دستان به چمن,مهربانو,امير جاهد,امير جاهد,چهارگاه
,,,,ترانه هاي بديع زاده، ضرابي، تاج، روح انگيز، روحبخش و بنان,,,,,
,,,,CD 4 (66 - 101),,,,,
,,,,شماره,مطلع و نام ترانه,اجرا,آهنگ ساز,ترانه سرا,دستگاه (نغمه)
,,,,66,به به به به چه خروسي (يكي يه پول خروس),سيد جواد بديع زاده,اسماعيل مهرتاش,غلامرضا روحاني,ماهور
,,,,67,تا ز ولايت آمدم (گل پونه نعناع پونه),سيد جواد بديع زاده,اسماعيل مهرتاش,بديع زاده,ماهور
,,,,68-1,جلوة گل بوي سنبل (جلوة گل),سيد جواد بديع زاده,بديع زاده,نورالله همايون,همايون
,,,,68-2,جلوة گل بوي سنبل (جلوة گل),صديق تعريف,بديع زاده,نورالله همايون,همايون
,,,,69-1,شد خزان گلشن آشنايي (خزان عشق),سيد جواد بديع زاده,بديع زاده,رهي معيري,همايون
,,,,69-2,شد خزان گلشن آشنايي,هوشمند عقيلي,بديع زاده,رهي معيري,همايون
,,,,69-3,شد خزان گلشن آشنايي,فداييان,بديع زاده,رهي معيري,همايون
,,,,70,ماشين مشدي ممدلي,سيد جواد بديع زاده,بديع زاده,غلامرضا روحاني,ماهور
,,,,شماره,مطلع و نام ترانه,اجرا,آهنگ ساز,ترانه سرا,دستگاه (نغمه)
,,,,71,تو گل بستان مايي (جلوة دوست),ملوك ضرابي,عبدالله جهان پناه,تورج نگهبان,
,,,,72-1,چه خوش صيد دلم كردي,ملوك ضرابي,اسماعيل مهرتاش,حافظ,چهارگاه
,,,,72-2,چه خوش صيد دلم كردي,عبدالوهاب شهيدي,اسماعيل مهرتاش,حافظ,چهارگاه
,,,,72-3,چه خوش صيد دلم كردي,حميرا,اسماعيل مهرتاش,حافظ,چهارگاه
,,,,72-4,چه خوش صيد دلم كردي,عهديه,اسماعيل مهرتاش,حافظ,چهارگاه
,,,,72-5,چه خوش صيد دلم كردي,حسن ستار,اسماعيل مهرتاش,حافظ,چهارگاه
,,,,73-1,نرمك نرمك از لب چشمه مي آيد (رعنا),ملوك ضرابي,عبدالله جهان پناه,شهرآشوب,بيات ترك
,,,,73-2,نرمك نرمك از لب چشمه مي آيد,ملوك ضرابي,عبدالله جهان پناه,شهرآشوب,بيات ترك
,,,,74,به اصفهان رو كه تا بنگري بهشت ثاني,تاج اصفهاني,عبدالحسين برازنده,بهار,اصفهان
,,,,شماره,مطلع و نام ترانه,اجرا,آهنگ ساز,ترانه سرا,دستگاه (نغمه)
,,,,75-1,در گلستان از طبيعت بين (رنگهاي طبيعت),تاج اصفهاني,عبدالحسين برازنده,شيدا اصفهاني,افشاري
,,,,75-2,در گلستان از طبيعت بين,عليرضا افتخاري,عبدالحسين برازنده,شيدا اصفهاني,افشاري
,,,,76-1,دل در آتش غم رُخت (شكايت معشوق),تاج اصفهاني,عبدالحسين برازنده,سالك,ابوعطا
,,,,76-2,دل در آتش غم رُخت,پروين,عبدالحسين برازنده,سالك,ابوعطا
,,,,76-3,دل در آتش غم رُخت,سيما بينا,عبدالحسين برازنده,سالك,ابوعطا
,,,,76-4,دل در آتش غم رُخت,افتخاري,عبدالحسين برازنده,سالك,ابوعطا
,,,,76-5,دل در آتش غم رُخت,شاه زيدي,عبدالحسين برازنده,سالك,ابوعطا
,,,,76-6,دل در آتش غم رُخت,محبي زاده,عبدالحسين برازنده,سالك,ابوعطا
,,,,شماره,مطلع و نام ترانه,اجرا,آهنگ ساز,ترانه سرا,دستگاه (نغمه)
,,,,77-1,دردا كه چون روزگار (عهد شكن),روح انگيز,پرويز ايرانپور,حسين گل گلاب,سه گاه
,,,,77-2,دردا كه چون روزگار,حميرا,پرويز ايرانپور,حسين گل گلاب,سه گاه
,,,,78-1,گفتم غم تو دارم,داريوش رفيعي,,حافظ,همايون
,,,,78-2,گفتم غم تو دارم,داريوش رفيعي,,حافظ,همايون
,,,,78-3,گفتم غم تو دارم,خوانساري,,حافظ,همايون
,,,,78-4,گفتم غم تو دارم,زويا ثابت,,حافظ,همايون
,,,,78-5,گفتم غم تو دارم,شاپور رحيمي,,حافظ,همايون
,,,,78-6,گفتم غم تو دارم,كارگشا,,حافظ,همايون
,,,,79-1,تويي تو شمع سراي من (كبوتر بهشتي),روحبخش,صمدي,نواب صفا,همايون
,,,,شماره,مطلع و نام ترانه,اجرا,آهنگ ساز,ترانه سرا,دستگاه (نغمه)
,,,,79-2,تويي تو شمع سراي من,اشرفي,صمدي,نواب صفا,همايون
,,,,80-1,دم گاراژ بودم و يارم سوار شد,روحبخش,عباس شاپوري,نواب صفا,سه گاه
,,,,80-2,دم گاراژ بودم و يارم سوار شد,روحبخش,عباس شاپوري,نواب صفا,سه گاه
,,,,80-3,دم گاراژ بودم و يارم سوار شد,آفت,عباس شاپوري,نواب صفا,سه گاه
,,,,80-4,دم گاراژ بودم و يارم سوار شد,فرح,عباس شاپوري,نواب صفا,سه گاه
,,,,80-5,دم گاراژ بودم و يارم سوار شد,جلال همتي,عباس شاپوري,نواب صفا,سه گاه
,,,,81-1,موسم گل شد و وقت گل چيدن,ملوك ضرابي,محلي كرمانشاهي,نواب صفا,شور
,,,,81-2,موسم گل شد و وقت گل چيدن,غزال,محلي كرمانشاهي,نواب صفا,شور
,,,,81-3,موسم گل شد و وقت گل چيدن,پروا,محلي كرمانشاهي,نواب صفا,شور
,,,,شماره,مطلع و نام ترانه,اجرا,آهنگ ساز,ترانه سرا,دستگاه (نغمه)
,,,,82-1,آمد اما در نگاهش (مستي رويا),بنان,خالقي,ورزي,اصفهان
,,,,82-2,آمد اما در نگاهش ,الهه,خالقي,ورزي,اصفهان
,,,,82-3,آمد اما در نگاهش ,مهستي - ستار,روح الله خالقي,ابوالحسن ورزي,اصفهان
,,,,82-4,آمد اما در نگاهش ,هايده,خالقي,ورزي,اصفهان
,,,,83-1,آمدي جانم به قربانت (حالا چرا),بنان,خالقي,شهريار,نوا
,,,,83-2,آمدي جانم به قربانت,كاوه ديلمي,خالقي,شهريار,نوا
,,,,83-3,آمدي جانم به قربانت,مختاباد,خالقي,شهريار,نوا
,,,,83-4,آمدي جانم به قربانت,شيدا - جاهد,خالقي,شهريار,نوا
,,,,83-5,آمدي جانم به قربانت,سالار عقيلي,خالقي,شهريار,نوا
,,,,83-6,آمدي جانم به قربانت,عليرضا قرباني,خالقي,شهريار,نوا
,,,,84-1,اي آتشين لاله,بنان,روح الله خالقي,رهي معيري,افشاري
,,,,84-2,اي آتشين لاله,ناهيد,روح الله خالقي,رهي معيري,افشاري
,,,,شماره,مطلع و نام ترانه,اجرا,آهنگ ساز,ترانه سرا,دستگاه (نغمه)
,,,,85-1,اي اميد دل من كجايي,بنان,پرويز ياحقي,نواب صفا,شور
,,,,85-2,اي اميد دل من كجايي,مرضيه,پرويز ياحقي,نواب صفا,شور
,,,,85-3,اي اميد دل من كجايي,سالار عقيلي,پرويز ياحقي,نواب صفا,شور
,,,,86-1,باز اي الهة ناز با دل من بساز,بنان,اكبر محسني,كريم فكور,دشتي
,,,,86-2,باز اي الهة ناز با دل من بساز,هوشمند عقيلي,اكبر محسني,كريم فكور,دشتي
,,,,86-3,باز اي الهة ناز با دل من بساز,مصاحبه,اكبر محسني,كريم فكور,دشتي
,,,,86-4,باز اي الهة ناز با دل من بساز,فرزين,اكبر محسني,كريم فكور,دشتي
,,,,86-5,باز اي الهة ناز با دل من بساز,معين,اكبر محسني,كريم فكور,دشتي
,,,,شماره,مطلع و نام ترانه,اجرا,آهنگ ساز,ترانه سرا,دستگاه (نغمه)
,,,,86-6,باز اي الهة ناز با دل من بساز,قدمي,اكبر محسني,كريم فكور,دشتي
,,,,86-7,باز اي الهة ناز با دل من بساز,اشرفي,اكبر محسني,كريم فكور,دشتي
,,,,87-1,بوي جوي موليان (چنگ رودكي),بنان - مرضيه,خالقي,رودكي,اصفهان
,,,,87-2,بوي جوي موليان,همسرايان,خالقي,رودكي,اصفهان
,,,,88-1,تا بهار دلنشين آمده سوي چمن,بنان,روح الله خالقي,بيژن ترقي,اصفهان
,,,,88-2,تا بهار دلنشين آمده سوي چمن,سيما بينا,روح الله خالقي,بيژن ترقي,اصفهان
,,,,88-3,تا بهار دلنشين آمده سوي چمن,هوشمند عقيلي,روح الله خالقي,بيژن ترقي,اصفهان
,,,,88-4,تا بهار دلنشين آمده سوي چمن,كاوه ديلمي,روح الله خالقي,بيژن ترقي,اصفهان
,,,,89-1,تو گل زيباي مني (بخت بيدار),بنان,اكبر محسني,نواب صفا,شور
,,,,شماره,مطلع و نام ترانه,اجرا,آهنگ ساز,ترانه سرا,دستگاه (نغمه)
,,,,89-2,تو گل زيباي مني (بخت بيدار),مرضيه,اكبر محسني,نواب صفا,شور
,,,,89-3,تو گل زيباي مني (بخت بيدار),مختاباد,اكبر محسني,نواب صفا,شور
,,,,90,جويبار نغمه مي غلتيد گفتي بر حرير (ياد يار مهربان),كاوه ديلمي,فرهاد فخرالديني,فريدون مشيري,سه گاه
,,,,91,چون دراي كاروان، در ميان شبروان (توشة عمر),بنان,مهدي مفتاح,معيني كرمانشاهي,شوشتري
,,,,92-1,چنانم بانگ ني آتش بر جان زد (نواي ني),بنان,مرتضي محجوبي,رهي معيري,دشتي
,,,,92-2,چنانم بانگ ني آتش بر جان زد,پوران,مرتضي محجوبي,رهي معيري,دشتي
,,,,92-3,چنانم بانگ ني آتش بر جان زد,سوگُل,مرتضي محجوبي,رهي معيري,دشتي
,,,,شماره,مطلع و نام ترانه,اجرا,آهنگ ساز,ترانه سرا,دستگاه (نغمه)
,,,,93,ديدي اي مه كه ناگه (گل به مستان),بنان,حسين ياحقي,رهي معيري,دشتي
,,,,94,مرا ز چشمت افكندي دگر چه مي خواهي (دگر چه مي خواهي),بنان,اكبر محسني,تيمور تاش,همايون
,,,,95-1,مرا عاشقي شيدا، فارغ از دنيا تو كردي,بنان,علي تجويدي,منيرطه,سه گاه
,,,,95-2,مرا عاشقي شيدا، فارغ از دنيا تو كردي,محمدرضا شجريان,علي تجويدي,منيرطه,سه گاه
,,,,95-3,مرا عاشقي شيدا، فارغ از دنيا تو كردي,محمدرضا شجريان,علي تجويدي,منيرطه,سه گاه
,,,,96-1,من بيدل ساقي به نگاهي مستم,بنان,مرتضي محجوبي,رهي معيري,سه گاه
,,,,96-2,من بيدل ساقي به نگاهي مستم,مرضيه,مرتضي محجوبي,رهي معيري,سه گاه
,,,,شماره,مطلع و نام ترانه,اجرا,آهنگ ساز,ترانه سرا,دستگاه (نغمه)
,,,,97-1,من از روز ازل ديوانه بودم,بنان,مرتضي محجوبي,رهي معيري,مخالف سه گاه
,,,,97-2,من از روز ازل ديوانه بودم,مرضيه,مرتضي محجوبي,رهي معيري,مخالف سه گاه
,,,,97-3,من از روز ازل ديوانه بودم,شجريان,مرتضي محجوبي,رهي معيري,مخالف سه گاه
,,,,97-4,من از روز ازل ديوانه بودم,الهه - ستار,مرتضي محجوبي,رهي معيري,مخالف سه گاه
,,,,98-1,نازنين دختركي، دختر بانمكي (دختر فال بين),بنان,اكبر محسني,كريم فكور,افشاري
,,,,98-2,نازنين دختركي، دختر بانمكي,هوشمند عقيلي,اكبر محسني,كريم فكور,افشاري
,,,,99-1,نه دل مفتون دلبندي (خاموش),بنان,روح الله خالقي,رهي معيري,ماهور
,,,,99-2,نه دل مفتون دلبندي,احمد ظاهر,روح الله خالقي,رهي معيري,ماهور
,,,,شماره,مطلع و نام ترانه,اجرا,آهنگ ساز,ترانه سرا,دستگاه (نغمه)
,,,,99-3,نه دل مفتون دلبندي,گلپا,روح الله خالقي,رهي معيري,ماهور
,,,,99-4,نه دل مفتون دلبندي,ايرج بسطامي,روح الله خالقي,رهي معيري,ماهور
,,,,100-1,همه شب نالم چون ني (كاروان),بنان,مرتضي محجوبي,رهي معيري,دشتي - ديلمان
,,,,100-2,همه شب نالم چون ني ,مرضيه,مرتضي محجوبي,رهي معيري,دشتي - ديلمان
,,,,100-3,همه شب نالم چون ني ,محمود كريمي,مرتضي محجوبي,رهي معيري,دشتي - ديلمان
,,,,100-4,همه شب نالم چون ني ,هوشمند عقيلي,مرتضي محجوبي,رهي معيري,دشتي - ديلمان
,,,,101-1,يار بيگانه نوازم، شرح عشق جان گدازم (دلشكن),بنان,اكبر محسني,بيژن ترقي,دشتي
,,,,101-2,يار بيگانه نوازم، شرح عشق جان گدازم,ايرج بسطامي,اكبر محسني,بيژن ترقي,دشتي
,,,,ترانه هاي قوامي، ناهيد، دلكش و خوانساري,,,,,
,,,,CD 5 (102 - 132),,,,,
,,,,شماره,مطلع و نام ترانه,اجرا,آهنگ ساز,ترانه سرا,دستگاه (نغمه)
,,,,102-1,اي جواني رفتي ز دستم (جواني),قوامي,حسين ياحقي,نواب صفا,افشاري
,,,,102-2,اي جواني رفتي ز دستم,الهه,حسين ياحقي,نواب صفا,افشاري
,,,,103,در كفت دارم ولي,قوامي,علي اكبر شيدا,حبيب خراساني,بيات ترك
,,,,104-1,رفتي و باز آمدي ,قوامي,بديع زاده,نواب صفا,سه گاه
,,,,104-2,رفتي و باز آمدي ,مرضيه,بديع زاده,نواب صفا,سه گاه
,,,,105-1,شبي كه آواز ني تو شنيدم (سرگشته),قوامي,همايون خرم,سايه,همايون
,,,,105-2,شبي كه آواز ني تو شنيدم,هوشمند عقيلي,همايون خرم,سايه,همايون
,,,,شماره,مطلع و نام ترانه,اجرا,آهنگ ساز,ترانه سرا,دستگاه (نغمه)
,,,,105-3,شبي كه آواز ني تو شنيدم,الهه,همايون خرم,سايه,همايون
,,,,105-4,شبي كه آواز ني تو شنيدم,هوشمند عقيلي,همايون خرم,سايه,همايون
,,,,105-5,شبي كه آواز ني تو شنيدم,هوشمند عقيلي,همايون خرم,سايه,همايون
,,,,105-6,شبي كه آواز ني تو شنيدم,ستار - مهستي,همايون خرم,سايه,همايون
,,,,105-7,شبي كه آواز ني تو شنيدم,اصفهاني,همايون خرم,سايه,همايون
,,,,106-1,غم و غصه توي قلبم لونه كرد,ناهيد,سيروس ساغري,جهانبخش پازوكي,دشتي
,,,,106-2,غم و غصه توي قلبم لونه كرد,هوشمند عقيلي,سيروس ساغري,جهانبخش پازوكي,دشتي
,,,,107,به شب لحظه اي كه در دامن افق (نواي چوپان),منوچهر همايون پور,منوچهر همايون پور,شهرآب,شوشتري
,,,,شماره,مطلع و نام ترانه,اجرا,آهنگ ساز,ترانه سرا,دستگاه (نغمه)
,,,,108-1,آتشي ز كاروان جدا مانده,دلكش,علي تجويدي,بيژن ترقي,شور
,,,,108-2,آتشي ز كاروان جدا مانده,جلال همتي,علي تجويدي,بيژن ترقي,شور
,,,,108-3,آتشي ز كاروان جدا مانده,افتخاري,علي تجويدي,بيژن ترقي,شور
,,,,108-4,آتشي ز كاروان جدا مانده,دلكش,علي تجويدي,بيژن ترقي,شور
,,,,109-1,آمد آمد با دلجويي (تنها منشين),دلكش,علي تجويدي,معيني كرمانشاهي,اصفهان
,,,,109-2,آمد آمد با دلجويي ,افتخاري,علي تجويدي,معيني كرمانشاهي,اصفهان
,,,,110-1,آمدم، آمدم كه سرآيد انتظار تو,دلكش,مجيد وفادار,نظام فاطمي,اصفهان
,,,,110-2,آمدم، آمدم كه سرآيد انتظار تو,هوشمند عقيلي,مجيد وفادار,نظام فاطمي,اصفهان
,,,,شماره,مطلع و نام ترانه,اجرا,آهنگ ساز,ترانه سرا,دستگاه (نغمه)
,,,,111-1,آمد نوبهار طي شد هجر يار (آهنگ نشاط),دلكش,مهدي خالدي,نواب صفا,اصفهان
,,,,111-2,آمد نوبهار طي شد هجر يار,سيمين غانم,مهدي خالدي,نواب صفا,اصفهان
,,,,111-3,آمد نوبهار طي شد هجر يار,نادر گلچين,مهدي خالدي,نواب صفا,اصفهان
,,,,112-1,اميد جانم ز سفر بازآمد (بازگشته),دلكش,علي تجويدي,معيني كرمانشاهي,اصفهان
,,,,112-2,اميد جانم ز سفر بازآمد,افتخاري,علي تجويدي,معيني كرمانشاهي,اصفهان
,,,,113-1,اين همه آشفته حالي,دلكش,علي تجويدي,معيني كرمانشاهي,شور
,,,,113-2,اين همه آشفته حالي,جلال همتي,علي تجويدي,معيني كرمانشاهي,شور
,,,,113-3,اين همه آشفته حالي,افتخاري,علي تجويدي,معيني كرمانشاهي,شور
,,,,113-4,اين همه آشفته حالي,شكيلا,علي تجويدي,معيني كرمانشاهي,شور
,,,,شماره,مطلع و نام ترانه,اجرا,آهنگ ساز,ترانه سرا,دستگاه (نغمه)
,,,,114-1,بردي از يادم، دادي بر بادم,دلكش - ويگن,مصطفي گرگين زاده,پرويز خطيبي,اصفهان
,,,,114-2,بردي از يادم، دادي بر بادم,هايده - عقيلي,مصطفي گرگين زاده,پرويز خطيبي,اصفهان
,,,,114-3,بردي از يادم، دادي بر بادم,بيگدلي,مصطفي گرگين زاده,پرويز خطيبي,اصفهان
,,,,114-4,بردي از يادم، دادي بر بادم,دلكش - عقيلي,مصطفي گرگين زاده,پرويز خطيبي,اصفهان
,,,,114-5,بردي از يادم، دادي بر بادم,دلكش,مصطفي گرگين زاده,پرويز خطيبي,اصفهان
,,,,114-6,بردي از يادم، دادي بر بادم,سالار عقيلي,مصطفي گرگين زاده,پرويز خطيبي,اصفهان
,,,,114-7,بردي از يادم، دادي بر بادم,افتخاري,مصطفي گرگين زاده,پرويز خطيبي,اصفهان
,,,,114-8,بردي از يادم، دادي بر بادم,زهره جويا,مصطفي گرگين زاده,پرويز خطيبي,اصفهان
,,,,115,بيا دستم به دامانت تو تنهايي و من تنها,دلكش,مجيد وفادار,ابوالحسن ورزي,اصفهان
,,,,شماره,مطلع و نام ترانه,اجرا,آهنگ ساز,ترانه سرا,دستگاه (نغمه)
,,,,116-1,پرسون پرسون يواش يواش,دلكش,,,اصفهان
,,,,116-2,پرسون پرسون يواش يواش,دلكش,,,اصفهان
,,,,116-3,پرسون پرسون يواش يواش,گروه كر,,,اصفهان
,,,,117,تو فروغ دلهاي بيماري (آرزو),دلكش,مجيد وفادار,تورج نگهبان,ماهور
,,,,118,در سر سودايي دارم (دنياي من),دلكش,مجيد وفادار,نواب صفا,ماهور
,,,,119-1,ديگر از تو بانگ طرب (ساز شكسته),دلكش,نيلوفر (دلكش),شهرآشوب,چهارگاه
,,,,119-2,ديگر از تو بانگ طرب,دلكش,نيلوفر (دلكش),شهرآشوب,چهارگاه
,,,,120-1,سحر كه از كوه بلند (جام طلا),دلكش,مجيد وفادار,نظام فاطمي,ابوعطا
,,,,120-2,سحر كه از كوه بلند (جام طلا),جلال همتي,مجيد وفادار,نظام فاطمي,ابوعطا
,,,,120-3,سحر كه از كوه بلند (جام طلا),دلكش,مجيد وفادار,نظام فاطمي,ابوعطا
,,,,شماره,مطلع و نام ترانه,اجرا,آهنگ ساز,ترانه سرا,دستگاه (نغمه)
,,,,121-1,كجا سفر رفتي كه بي خبر رفتي,دلكش,علي تجويدي,معيني كرمانشاهي,چهارگاه
,,,,121-2,كجا سفر رفتي كه بي خبر رفتي,جلال همتي,علي تجويدي,معيني كرمانشاهي,چهارگاه
,,,,121-3,كجا سفر رفتي كه بي خبر رفتي,افتخاري,علي تجويدي,معيني كرمانشاهي,چهارگاه
,,,,122-1,گردبادم از غم بيداد هستي (گردباد),دلكش,پرويز ياحقي,بيژن ترقي,اصفهان
,,,,122-2,گردبادم از غم بيداد هستي,جلال همتي,پرويز ياحقي,بيژن ترقي,اصفهان
,,,,123,مرو مرو، بيا بيا، دل مي جويد ترا,دلكش,نيلوفر (دلكش),,ماهور
,,,,124,من ترا مي خوام با همه ناز و ادايت,دلكش,,,بيات ترك
,,,,125,من موج در بدرم، از دنيا بي خبرم (موج),دلكش,پرويز ياحقي,بيژن ترقي,شور
,,,,شماره,مطلع و نام ترانه,اجرا,آهنگ ساز,ترانه سرا,دستگاه (نغمه)
,,,,126-1,مي گذرم مي گذرم ز براي تو,دلكش,علي تجويدي,بيژن ترقي,چهارگاه
,,,,126-2,مي گذرم مي گذرم ز براي تو,افتخاري,علي تجويدي,بيژن ترقي,چهارگاه
,,,,127,نه كسي آيد به برم,دلكش,پرويز ياحقي,نواب صفا,ابوعطا
,,,,128,هر كجا رفتي پس از من (يادم كن),دلكش,علي تجويدي,معيني كرمانشاهي,ماهور
,,,,129-1,يادم آمد شوق روز كودكي (كودكي),دلكش,علي تجويدي,معيني كرمانشاهي,اصفهان - شور -سه گاه
,,,,129-2,يادم آمد شوق روز كودكي,افتخاري,علي تجويدي,معيني كرمانشاهي,اصفهان - شور -سه گاه
,,,,129-3,يادم آمد شوق روز كودكي,شيوا,علي تجويدي,معيني كرمانشاهي,اصفهان - شور -سه گاه
,,,,ترانه هاي مرضيه، فرح، نوري، ياسمين، علي نظري، شمس,,,,,
,,,,CD 6 (133 - 189),,,,,
,,,,شماره,مطلع و نام ترانه,اجرا,آهنگ ساز,ترانه سرا,دستگاه (نغمه)
,,,,133-1,از برت دامن كشان رفتم اي نامهربان,مرضيه,علي تجويدي,معيني كرمانشاهي,همايون (شوشتري)
,,,,133-2,از برت دامن كشان رفتم اي نامهربان,گروه كر,علي تجويدي,معيني كرمانشاهي,همايون (شوشتري)
,,,,133-3,از برت دامن كشان رفتم اي نامهربان,افتخاري,علي تجويدي,معيني كرمانشاهي,همايون (شوشتري)
,,,,133-4,از برت دامن كشان رفتم اي نامهربان,شوكت,علي تجويدي,معيني كرمانشاهي,همايون (شوشتري)
,,,,133-5,از برت دامن كشان رفتم اي نامهربان,جهان,علي تجويدي,معيني كرمانشاهي,همايون (شوشتري)
,,,,133-6,از برت دامن كشان رفتم اي نامهربان,علي شيباني,علي تجويدي,معيني كرمانشاهي,همايون (شوشتري)
,,,,133-7,از برت دامن كشان رفتم اي نامهربان,اندي - كوروس شيباني,علي تجويدي,معيني كرمانشاهي,همايون (شوشتري)
,,,,شماره,مطلع و نام ترانه,اجرا,آهنگ ساز,ترانه سرا,دستگاه (نغمه)
,,,,134,از نگهم ريزد موج آرزوها,مرضيه,ح. بديعي,نواب صفا,سه گاه
,,,,135-1,اشك من هويدا شد,مرضيه,همايون خرم,تورج نگهبان,همايون
,,,,135-2,اشك من هويدا شد,شهلا سرشار,همايون خرم,تورج نگهبان,همايون
,,,,136,اي گل جلوة اين بستان بودي,مرضيه,همايون خرم,تورج نگهبان,اصفهان
,,,,137,با دلدارم رفتم روزي سوي گلستاني,مرضيه,مجيد وفادار,معيني كرمانشاهي,ماهور
,,,,138,بارون مي باره از ابرا داره آسمون مي باره,مرضيه,محمد شمس,وفا يغمايي,اصفهان
,,,,139,بعد از آن شب بي خبري,مرضيه,پرويز ياحقي,معيني كرمانشاهي,اصفهان
,,,,140-1,بگذر از كوي ما,مرضيه,همايون خرم,معيني كرمانشاهي,همايون
,,,,140-2,بگذر از كوي ما,جهان,همايون خرم,معيني كرمانشاهي,همايون
,,,,شماره,مطلع و نام ترانه,اجرا,آهنگ ساز,ترانه سرا,دستگاه (نغمه)
,,,,141,بگو آيا نمي شد,مرضيه,همايون خرم,تورج نگهبان,اصفهان
,,,,142,بهارم دخترم از خواب برخيز,مرضيه,فرهاد فخرالديني,فريدون مشيري,ماهور
,,,,143-1,به رهي ديدم برگ خزان,مرضيه,پرويز ياحقي,بيژن ترقي,اصفهان
,,,,143-2,به رهي ديدم برگ خزان,مرضيه,پرويز ياحقي,بيژن ترقي,اصفهان
,,,,143-3,به رهي ديدم برگ خزان,شكيلا,پرويز ياحقي,بيژن ترقي,اصفهان
,,,,143-4,به رهي ديدم برگ خزان,ايرج بسطامي,پرويز ياحقي,بيژن ترقي,اصفهان
,,,,144,به زماني كه محبت شده همچون افسانه,مرضيه,پرويز ياحقي,بيژن ترقي,سه گاه
,,,,145,بيا بيا دل ستمديدة مرا عاشق تر كن,مرضيه,ح. بديعي,تورج نگهبان,چهارگاه
,,,,شماره,مطلع و نام ترانه,اجرا,آهنگ ساز,ترانه سرا,دستگاه (نغمه)
,,,,146-1,جاي آن دارد كه چندي همره صحرا بگيرم,مرضيه,علي تجويدي,معيني كرمانشاهي,دشتي (كردبيات)
,,,,146-2,جاي آن دارد كه چندي همره صحرا بگيرم,افتخاري,علي تجويدي,معيني كرمانشاهي,دشتي (كردبيات)
,,,,146-3,جاي آن دارد كه چندي همره صحرا بگيرم,حسن ستار,علي تجويدي,معيني كرمانشاهي,دشتي (كردبيات)
,,,,147-1,خاطرات عمر رفته در نظرگاهم نشسته,مرضيه,همايون خرم,معيني كرمانشاهي,همايون
,,,,147-2,خاطرات عمر رفته در نظرگاهم نشسته,شهلا سرشار,همايون خرم,معيني كرمانشاهي,همايون
,,,,147-3,خاطرات عمر رفته در نظرگاهم نشسته,سالار عقيلي,همايون خرم,معيني كرمانشاهي,همايون
,,,,147-4,خاطرات عمر رفته در نظرگاهم نشسته,مصطفي مداحي,همايون خرم,معيني كرمانشاهي,همايون
,,,,148,در كنارم گلبني خوشرنگ و بو طاووس زيبا,مرضيه,ح. بديعي,نواب صفا,اصفهان
,,,,شماره,مطلع و نام ترانه,اجرا,آهنگ ساز,ترانه سرا,دستگاه (نغمه)
,,,,149-1,دشت و دمن باغ و چمن,مرضيه,حبيب الله بديعي,نواب صفا,اصفهان
,,,,149-2,دشت و دمن باغ و چمن,عهديه,حبيب الله بديعي,نواب صفا,اصفهان
,,,,150-1,دو سه شبه كه چشمام به دره,مرضيه,,جنتي عطايي,دشتي
,,,,150-2,دو سه شبه كه چشمام به دره (اجرايي ديگر),مرضيه,,جنتي عطايي,دشتي
,,,,150-3,دو سه شبه كه چشمام به دره,جهان,,جنتي عطايي,دشتي
,,,,151-1,ديدي كه رسوا شد دلم,مرضيه,علي تجويدي,رهي معيري,دشتي
,,,,151-2,ديدي كه رسوا شد دلم,افتخاري,علي تجويدي,رهي معيري,دشتي
,,,,151-3,ديدي كه رسوا شد دلم,جهان,علي تجويدي,رهي معيري,دشتي
,,,,شماره,مطلع و نام ترانه,اجرا,آهنگ ساز,ترانه سرا,دستگاه (نغمه)
,,,,151-4,ديدي كه رسوا شد دلم,شهلا سرشار,علي تجويدي,رهي معيري,دشتي
,,,,152-1,ديوانه ز دست عشق تو كنونم,مرضيه,همايون خرم,معيني كرمانشاهي,ماهور
,,,,152-2,ديوانه ز دست عشق تو كنونم (اجرايي ديگر),مرضيه,همايون خرم,معيني كرمانشاهي,ماهور
,,,,152-3,ديوانه ز دست عشق تو كنونم,زويا ثابت,همايون خرم,معيني كرمانشاهي,ماهور
,,,,153,رفته بودم كز پريشاني ره صحرا بگيرم,مرضيه,حبيب الله بديعي,بيژن ترقي,سه گاه
,,,,154,ز كوي بلا كشان آمدم بگو رفته اي كجا ساغي,مرضيه,همايون خرم,بيژن ترقي,بيات ترك
,,,,155,سروي و بيدي به لب جويي,مرضيه,پرويز ياحقي,معيني كرمانشاهي,اصفهان
,,,,156,عاشق شيدا من، واله و رسوا من,مرضيه,علي تجويدي,پرويز خطيبي,اصفهان
,,,,شماره,مطلع و نام ترانه,اجرا,آهنگ ساز,ترانه سرا,دستگاه (نغمه)
,,,,157-1,عشق من اي لاله روي من,مرضيه,ح. بديعي,نواب صفا,اصفهان
,,,,157-2,عشق من اي لاله روي من,هوشمند عقيلي,حبيب الله بديعي,نواب صفا,اصفهان
,,,,158,غمگين چو پاييزم از من بگذر,مرضيه,,,شور
,,,,159-1,كو ياري تا به ديارم برساند,مرضيه,علي تجويدي,معيني كرمانشاهي,چهارگاه
,,,,159-2,كو ياري تا به ديارم برساند,افتخاري,علي تجويدي,معيني كرمانشاهي,چهارگاه
,,,,160,من امشب شكنم ساغر,مرضيه,,,شور
,,,,161,من كه مجنون توام,مرضيه,انوشيروان روحاني,نواب صفا,اصفهان
,,,,162-1,مي زده شب چو ز ميكده ها باز آيم,مرضيه,پرويز ياحقي,بيژن ترقي,ماهور
,,,,162-2,مي زده شب چو ز ميكده ها باز آيم,زويا ثابت,پرويز ياحقي,بيژن ترقي,ماهور
,,,,شماره,مطلع و نام ترانه,اجرا,آهنگ ساز,ترانه سرا,دستگاه (نغمه)
,,,,162-3,مي زده شب چو ز ميكده ها باز آيم,فتانه اقبالي,پرويز ياحقي,بيژن ترقي,ماهور
,,,,163-1,مي زده شب چو ز ميكده ها باز آيم,مرضيه,پرويز ياحقي,بيژن ترقي,ماهور
,,,,163-2,مي زده شب چو ز ميكده ها باز آيم (اجرايي ديگر),مرضيه,پرويز ياحقي,بيژن ترقي,ماهور
,,,,163-3,مي زده شب چو ز ميكده ها باز آيم,جلال همتي,پرويز ياحقي,بيژن ترقي,ماهور
,,,,164-1,مي گذرم تنها از ميان گلها,مرضيه,همايون خرم,بيژن ترقي,اصفهان
,,,,164-2,مي گذرم تنها از ميان گلها (اجرايي ديگر),مرضيه,همايون خرم,بيژن ترقي,اصفهان
,,,,165,نسيم فروردين وزان به شبان شد,مرضيه,پرويز ياحقي,بيژن ترقي,اصفهان
,,,,166,يك شاخه گل من در كاشانه دارم,مرضيه,,معيني كرمانشاهي,اصفهان
,,,,شماره,مطلع و نام ترانه,اجرا,آهنگ ساز,ترانه سرا,دستگاه (نغمه)
,,,,167-1,يه روزي رفتم كه رفتم را واست خونده بودم,مرضيه,جهانبخش پازوكي,جهانبخش پازوكي,همايون
,,,,167-2,يه روزي رفتم كه رفتم را واست خونده بودم,شيدا,جهانبخش پازوكي,جهانبخش پازوكي,همايون
,,,,168,باز باز آنكه دلم مشتاقش بود,داريوش رفيعي,مجيد وفادار,كريم فكور,اصفهان
,,,,169,خوابي بود و خيالي ما را روز وصال,رفيعي,,,دشتي
,,,,170-1,رختخواب مرا مستانه بنداز,رفيعي,محلي شيرازي,محلي,افشاري
,,,,170-2,رختخواب مرا مستانه بنداز (اجرايي ديگر),رفيعي,محلي شيرازي,محلي,افشاري
,,,,170-3,رختخواب مرا مستانه بنداز ,كوروس سرهنگ زاده,محلي شيرازي,محلي,افشاري
,,,,170-4,رختخواب مرا مستانه بنداز,داريوش اقبالي,محلي شيرازي,محلي,افشاري
,,,,171-1,شب به گلستان تنها منتظرت بودم,رفيعي,,,دشتي
,,,,شماره,مطلع و نام ترانه,اجرا,آهنگ ساز,ترانه سرا,دستگاه (نغمه)
,,,,171-2,شب به گلستان تنها منتظرت بودم,غلامحسين اشرفي,,,دشتي
,,,,172,كو آن محفل مستي,رفيعي,مجيد وفادار,معيني كرمانشاهي,شور
,,,,173-1,گلنار گلنار كجايي كز غمت,رفيعي,مجيد وفادار,كريم فكور,دشتي
,,,,173-2,گلنار گلنار كجايي كز غمت,سرهنگ زاده,مجيد وفادار,كريم فكور,دشتي
,,,,173-3,گلنار گلنار كجايي كز غمت,خياط باشي,مجيد وفادار,كريم فكور,دشتي
,,,,173-4,گلنار گلنار كجايي كز غمت,هوشمند عقيلي,مجيد وفادار,كريم فكور,دشتي
,,,,173-5,گلنار گلنار كجايي كز غمت,بهزاد,مجيد وفادار,كريم فكور,دشتي
,,,,174-1,ياد از آن روز كه بودي زهره يار من,رفيعي,حميد وفادار,جهانگير تفضلي,سه گاه
,,,,174-2,ياد از آن روز كه بودي زهره يار من,سرهنگ زاده,حميد وفادار,جهانگير تفضلي,سه گاه
,,,,شماره,مطلع و نام ترانه,اجرا,آهنگ ساز,ترانه سرا,دستگاه (نغمه)
,,,,174-3,ياد از آن روز كه بودي زهره يار من,آشورپور,حميد وفادار,جهانگير تفضلي,سه گاه
,,,,174-4,ياد از آن روز كه بودي زهره يار من,هايده,حميد وفادار,جهانگير تفضلي,سه گاه
,,,,174-5,ياد از آن روز كه بودي زهره يار من,سيامك,حميد وفادار,جهانگير تفضلي,سه گاه
,,,,175,اي باد صبا بهر خدا بوي كه داري,رفيعي,حميد وفادار,مؤيد ثابتي,سه گاه
,,,,176-1,به راه وي تا سحر ماندم,فرح,اكبر محسني,ايرج تيمورتاش,دشتي
,,,,176-2,به راه وي تا سحر ماندم,هوشمند عقيلي,اكبر محسني,ايرج تيمورتاش,دشتي
,,,,176-3,به راه وي تا سحر ماندم,افتخاري,اكبر محسني,ايرج تيمورتاش,دشتي
,,,,177-1,تا بَرَد از دل ستاره اي قرار من (نسخه صوتي اين ترانه پيدا نشد.),فرح,اكبر محسني,كريم فكور,سه گاه
,,,,شماره,مطلع و نام ترانه,اجرا,آهنگ ساز,ترانه سرا,دستگاه (نغمه)
,,,,177-2,تا بَرَد از دل ستاره اي قرار من,ناهيد سرافراز - حميد قنبري,اكبر محسني,كريم فكور,سه گاه
,,,,178-1,اگر يك شب تو را در خواب بينم,محمد نوري,محمد سرير,اردلان سرفراز,
,,,,178-2,اگر يك شب تو را در خواب بينم (اجرايي ديگر),محمد نوري,محمد سرير,اردلان سرفراز,
,,,,179,بهم مي گفتي كه مي خوام,محمد نوري,محمد سرير,وحيد اديبي,
,,,,180-1,جان مريم چشماتو وا كن,محمد نوري,كامبيز مژدهي,محمد نوري,اصفهان
,,,,180-2,جان مريم چشماتو وا كن (اجرايي ديگر),محمد نوري,كامبيز مژدهي,محمد نوري,اصفهان
,,,,181-1,شب پريشان مي خرامد,محمد نوري,كليف پارومن,فروغ فرخزاد,ماهور
,,,,181-2,شب پريشان مي خرامد (اجرايي ديگر),محمد نوري,كليف پارومن,فروغ فرخزاد,ماهور
,,,,شماره,مطلع و نام ترانه,اجرا,آهنگ ساز,ترانه سرا,دستگاه (نغمه)
,,,,182-1,گل و سكه نقل و نبات,محمد نوري,محمد سرير,تورج نگهبان,همايون
,,,,182-2,گل و سكه نقل و نبات (اجرايي ديگر),محمد نوري,محمد سرير,تورج نگهبان,همايون
,,,,183,هر كه ديدم ياري داره,ياسمين,جواد لشكري,جنتي عطايي,شور
,,,,184-1,حالا به من بگو اي سنگ صبور,علي نظري,علي نظري,علي نظري,
,,,,184-2,حالا به من بگو اي سنگ صبور,غلامعلي روانبخش,علي نظري,علي نظري,
,,,,184-3,حالا به من بگو اي سنگ صبور,گوگوش,علي نظري,علي نظري,
,,,,185,سوگند به دلهاي شكسته,علي نظري,امير پازوكي,علي نظري,همايون
,,,,186,دمي كه بوي گل بيايد از چمن,شمسي شمس,حسين صمدي,بيژن ترقي,بيات ترك
,,,,شماره,مطلع و نام ترانه,اجرا,آهنگ ساز,ترانه سرا,دستگاه (نغمه)
,,,,187,زيبا جان - زيبا جان,شمسي شمس,ح. بديعي,كريم فكور,ماهور
,,,,188,سنبل به چمن با ناز آمد,شمسي شمس,عربي,معيني كرمانشاهي,بيات زند
,,,,189,يار به نزد من نماند و رفت,شمسي شمس,ح. بديعي,كريم فكور,ماهور
,,,,ترانه هاي ويگن، الهه، ايرج، پوران، گلپا,,,,,
,,,,CD 7 (190 - 237),,,,,
,,,,شماره,مطلع و نام ترانه,اجرا,آهنگ ساز,ترانه سرا,دستگاه (نغمه)
,,,,190,بيايين پريا بريم به صحرا,ويگن,عطاءالله خرم,سيروس آرين,
,,,,191-1,بارون، بارونه زمينا تر ميشه,ويگن,عطاءالله خرم,سيروس آرين,ماهور
,,,,191-2,بارون، بارونه زمينا تر ميشه (اجرايي ديگر),ويگن,عطاءالله خرم,سيروس آرين,ماهور
,,,,191-3,بارون، بارونه زمينا تر ميشه,پري زنگنه,عطاءالله خرم,سيروس آرين,ماهور
,,,,191-4,بارون، بارونه زمينا تر ميشه,دو صدايي,عطاءالله خرم,سيروس آرين,ماهور
,,,,191-5,بارون، بارونه زمينا تر ميشه,كورش يغمايي,عطاءالله خرم,سيروس آرين,ماهور
,,,,191-6,بارون، بارونه زمينا تر ميشه,گروه تكخالها,عطاءالله خرم,سيروس آرين,ماهور
,,,,شماره,مطلع و نام ترانه,اجرا,آهنگ ساز,ترانه سرا,دستگاه (نغمه)
,,,,191-7,بارون، بارونه زمينا تر ميشه,فرامرز زرگري نژاد,عطاءالله خرم,سيروس آرين,ماهور
,,,,192,چون آن آهوي صحرايُم,ويگن,عطاءالله خرم,نوذر پرنگ,دشتي
,,,,193-1,خنچه بياريد لاله بكاريد,ويگن,عطاءالله خرم,سيروس آرين,اصفهان
,,,,193-2,خنچه بياريد لاله بكاريد (اجرايي ديگر),ويگن,عطاءالله خرم,سيروس آرين,اصفهان
,,,,194,خنچه بياريد لاله بكاريد,گروه كر,عطاءالله خرم,سيروس آرين,اصفهان
,,,,195,دامن كشان ساقي ميخواران,ويگن,خاچاطور آگديسيان,,اصفهان
,,,,196,دختر خان و مي خوامش,ويگن,عطاءالله خرم,نوذر پرنگ,ماهور
,,,,197,روزي من و تو اي جان همچون كبوترها,ويگن,عطاءالله خرم,پرويز وكيلي,چهارگاه
,,,,498,ساقي به خدا خون شد دل ما,ويگن,عطاءالله خرم,پرويز وكيلي,چهارگاه
,,,,شماره,مطلع و نام ترانه,اجرا,آهنگ ساز,ترانه سرا,دستگاه (نغمه)
,,,,198-1,شكوفه مي رقصد از باد بهاري,ويگن,عطاءالله خرم,پرويز وكيلي,اصفهان
,,,,198-2,شكوفه مي رقصد از باد بهاري,ويگن,عطاءالله خرم,پرويز وكيلي,اصفهان
,,,,199,گل خزان نديده,ويگن,سورن آراكليان,ايرج تيمورتاش,اصفهان
,,,,200,لبت به خنده وارفته اي گل,ويگن,هوشنگ شهابي,هوشنگ شهابي,
,,,,201,از سر ديواري شاخه تاكي را,الهه,جواد لشكري,معيني كرمانشاهي,اصفهان
,,,,202,اي دل چرا ناز مي كني,الهه,,,شور (دشتي)
,,,,203,بازآمد بازآمد,الهه,جواد معروفي,معيني كرمانشاهي,سه گاه
,,,,204-1,پس از اين زاري مكن,الهه,ويگن,پرويز وكيلي,اصفهان
,,,,شماره,مطلع و نام ترانه,اجرا,آهنگ ساز,ترانه سرا,دستگاه (نغمه)
,,,,204-1,پس از اين زاري مكن (اجرايي ديگر),الهه,ويگن,پرويز وكيلي,اصفهان
,,,,204-2,پس از اين زاري مكن,ويگن,ويگن,پرويز وكيلي,اصفهان
,,,,204-3,پس از اين زاري مكن,احمد والي,ويگن,پرويز وكيلي,اصفهان
,,,,204-4,پس از اين زاري مكن,افغاني,ويگن,پرويز وكيلي,اصفهان
,,,,204-5,پس از اين زاري مكن,مجيد اخشابي,ويگن,پرويز وكيلي,اصفهان
,,,,204-6,پس از اين زاري مكن,سعيد جعفري,ويگن,پرويز وكيلي,اصفهان
,,,,204-7,پس از اين زاري مكن,ناشناس,ويگن,پرويز وكيلي,اصفهان
,,,,205,بوسه بر او زدم دلم رسوا شد,الهه,,,
,,,,شماره,مطلع و نام ترانه,اجرا,آهنگ ساز,ترانه سرا,دستگاه (نغمه)
,,,,206,بر لب چشمه آيد دختر كوهستان,الهه,جواد لشكري,كريم فكور,همايون
,,,,207,تا در گوشم قصه تو,الهه,محلي ارمني,معيني كرمانشاهي,اصفهان
,,,,208-1,تو چون بودي با تو تنها بودم,الهه,انوشيروان روحاني,معيني كرمانشاهي,اصفهان
,,,,208-2,تو چون بودي با تو تنها بودم,گروه كر,انوشيروان روحاني,معيني كرمانشاهي,اصفهان
,,,,209,چو مجنون گيرم از عاشقان,الهه,ح. بديعي,بيژن ترقي,دشتي
,,,,210,دلم را بي خبر مي بري,الهه,محلي تاكستاني,,
,,,,211-1,رفتم رفتم گريزانم از ديدارت,الهه,ع. خرم,ناصر صفاالهي,اصفهان
,,,,211-2,رفتم رفتم گريزانم از ديدارت,الهه - ويگن,ع. خرم,ناصر صفاالهي,اصفهان
,,,,شماره,مطلع و نام ترانه,اجرا,آهنگ ساز,ترانه سرا,دستگاه (نغمه)
,,,,212,ز سفر آمدي چشم دل من روشن,الهه,,,
,,,,123,غنچة نو شكفته را مانَد,الهه,,رهي معيري,
,,,,214-1,ليلي كه ناله مي كني,الهه,محلي بابلي,پرويز وكيلي,اصفهان
,,,,214-2,ليلي كه ناله مي كني,ويگن,محلي بابلي,پرويز وكيلي,اصفهان
,,,,215,مجنون نبودم مجنونم كردي,الهه,محلي,محلي,دشتي
,,,,216-1,من عاشقم من عاشقم درد و بلا مي خواهم,الهه,جواد لشكري,نواب صفا,شور
,,,,216-2,من عاشقم من عاشقم درد و بلا مي خواهم,افتخاري,جواد لشكري,نواب صفا,شور
,,,,217,نامهربوني نمي خواهي بدوني,الهه,محمد حيدري,تورج نگهبان,شور
,,,,218,تو آسمون دوباره,ايرج,,,ماهور
,,,,شماره,مطلع و نام ترانه,اجرا,آهنگ ساز,ترانه سرا,دستگاه (نغمه)
,,,,219,چشمانت بر دلم آتش بارد,ايرج,اسفنديار منفردزاده,عبدالله,
,,,,220,يكي بود يكي نبود,ايرج,,,ماهور
,,,,221-1,اشكم دونه دونه,پوران,,,شور
,,,,221-2,اشكم دونه دونه,ناهيد,,,شور
,,,,222-1,اي عشق من اي زيبا اي نيلوفر من,پوران,عباس شاپوري,نواب صفا,اصفهان
,,,,222-2,اي عشق من اي زيبا اي نيلوفر من,جلال همتي,عباس شاپوري,نواب صفا,اصفهان
,,,,223-1,بر گيسويت اي جان كمتر زن شانه,پوران,عباس شاپوري,ناصر رستگارنژاد,اصفهان
,,,,223-2,بر گيسويت اي جان كمتر زن شانه,پوران - ويگن,عباس شاپوري,ناصر رستگارنژاد,اصفهان
,,,,223-3,بر گيسويت اي جان كمتر زن شانه,مارتيك,عباس شاپوري,ناصر رستگارنژاد,اصفهان
,,,,223-4,بر گيسويت اي جان كمتر زن شانه,ركسانا,عباس شاپوري,ناصر رستگارنژاد,اصفهان
,,,,شماره,مطلع و نام ترانه,اجرا,آهنگ ساز,ترانه سرا,دستگاه (نغمه)
,,,,224-1,بيا كه بريم به مزار ملا ممد جان,افغاني,محلي افغاني,محلي افغاني,شور
,,,,224-2,بيا كه بريم به مزار ملا ممد جان,پوران,محلي افغاني,محلي افغاني,شور
,,,,225,تا اشكي ريزد از چشم ژاله بارم,پوران,عباس شاپوري,ابوالحسن ورزي,
,,,,226-1,تك درختي تيره بختم,پوران,عباس شاپوري,نواب صفا,اصفهان
,,,,226-2,تك درختي تيره بختم,جلال همتي,عباس شاپوري,نواب صفا,اصفهان
,,,,226-3,تك درختي تيره بختم,شكيلا,عباس شاپوري,نواب صفا,اصفهان
,,,,226-4,تك درختي تيره بختم,غلامحسين اشرفي,عباس شاپوري,نواب صفا,اصفهان
,,,,227,چون به چمن گذر كنم,پوران,ح. بديعي,عبدالله الفت,شور
,,,,شماره,مطلع و نام ترانه,اجرا,آهنگ ساز,ترانه سرا,دستگاه (نغمه)
,,,,228,در همه دنيا دارم من كسي,پوران,انوشيروان روحاني,بيژن ترقي,شور - چهارگاه - شور
,,,,229,شب است و بر لب دريا,پوران,حسين صمدي,كريم فكور,
,,,,230,گل اومد بهار اومد مي روم به صحرا,پوران,مجيد وفادار,بيژن ترقي,سه گاه
,,,,231,مده از كف در فصل گل دامان صحرا,پوران,مجيد وفادار,هدايت نيرسينا,ماهور
,,,,232,مژده يار آمد مِي در كار آمد,پوران,عباس شاپوري,ناصر رستگارنژاد,اصفهان
,,,,233,نه همزباني نه همنوايي,پوران,علي تجويدي,رهي معيري,دشتي
,,,,234,ياد از آن شب كه چو گل در كاشانة من بودي,پوران,,,
,,,,235,اشك من خودتو نگه دار,گلپا,محمد حيدري,هما ميرافشار,شور (دشتي)
,,,,شماره,مطلع و نام ترانه,اجرا,آهنگ ساز,ترانه سرا,دستگاه (نغمه)
,,,,236,پس از تو نمونم براي خدا,گلپا,اسدالله ملك,هما ميرافشار,همايون
,,,,237,نه مِي مونده نه مستي,گلپا,فريدون خوشنود,اردلان سرفراز,ماهور
,,,,ترانه هاي پوران، شهيدي، رويا، سيما بينا,,,,,
,,,,CD 8 (238 - 275),,,,,
,,,,شماره,مطلع و نام ترانه,اجرا,آهنگ ساز,ترانه سرا,دستگاه (نغمه)
,,,,238,از نو شب شد مه من تو بيا,پروين,,,ماهور
,,,,239,اكنون اي بي وفا تو را ندارم,پروين,همايون خرم,معيني كرمانشاهي,اصفهان
,,,,240,اگر عاشقم، اگر آتشم,پروين,رضا ناروند,معيني كرمانشاهي,اصفهان
,,,,241-1,امشب در سر شوري دارم,پروين,همايون خرم,كريم فكور,اصفهان
,,,,241-2,امشب در سر شوري دارم (اجرايي ديگر),پروين,همايون خرم,كريم فكور,اصفهان
,,,,241-3,امشب در سر شوري دارم,شكيلا,همايون خرم,كريم فكور,اصفهان
,,,,241-4,امشب در سر شوري دارم,اصفهاني,همايون خرم,كريم فكور,اصفهان
,,,,241-5,امشب در سر شوري دارم,زويا ثابت,همايون خرم,كريم فكور,اصفهان
,,,,شماره,مطلع و نام ترانه,اجرا,آهنگ ساز,ترانه سرا,دستگاه (نغمه)
,,,,241-6,امشب در سر شوري دارم,حسن ستار,همايون خرم,كريم فكور,اصفهان
,,,,242,اي گل پريشانم مكن,پروين,,,
,,,,243,با قلبي پر خون,پروين,همايون خرم,معيني كرمانشاهي,ماهور
,,,,244,بر ديده نشاندم ترا,پروين,,,
,,,,245,به نگاه من تو همان موجي,پروين,,,
,,,,246,به ياد آمدم آن شب,پروين,,,
,,,,247,بيا كه جان بر لب آمد,پروين,مرتضي ني داوود,بهادر يگانه,
,,,,248,تو مگر نقش رويايي,پروين,همايون خرم,هدايت نيرسينا,
,,,,249-1,تنها ماندم - تنها ماندم,پروين,همايون خرم,عبدالله الفت,
,,,,شماره,مطلع و نام ترانه,اجرا,آهنگ ساز,ترانه سرا,دستگاه (نغمه)
,,,,249-2,تنها ماندم - تنها ماندم,اصفهاني,همايون خرم,عبدالله الفت,
,,,,250,تو كه يك جهان وفايي,پروين,همايون خرم,معيني كرمانشاهي,
,,,,251,تو همان نوگل اميدي,پروين,,,
,,,,252,چه شبي، چه مهي، چه هوايي,پروين,همايون خرم,كريم فكور,اصفهان
,,,,253,در بر تو گريه كنان آمدم,پروين,همايون خرم,معيني كرمانشاهي,افشاري
,,,,254-1,درد عشق و انتظار,پروين,همايون خرم,كريم فكور,شور
,,,,254-2,درد عشق و انتظار,بهرام حصيري,همايون خرم,كريم فكور,شور
,,,,254-3,درد عشق و انتظار,ايرج بسطامي,همايون خرم,كريم فكور,شور
,,,,255,رفتي، گفتي به فراقم رو كن,پروين,,,
,,,,شماره,مطلع و نام ترانه,اجرا,آهنگ ساز,ترانه سرا,دستگاه (نغمه)
,,,,256,رفتي نگفتي من آشفتم,پروين,,,
,,,,257,زمانة فتنه آفرين,پروين,,,
,,,,258,كس اين همه افسانه ندارد,پروين,,,
,,,,259,ماه من چه زيبا شدي,پروين,,,چهارگاه
,,,,260,هر شب كه برق جانسوزي,پروين,همايون خرم,كريم فكور,
,,,,261,ياد از آن شب كه در بستر سبزه ها,پروين,,,
,,,,262-1,اون نگاه گرم تو,شهيدي,محلي خرم آبادي,هما ميرافشار,ماهور
,,,,262-2,اون نگاه گرم تو,علي اصغر زندوكيل,محلي خرم آبادي,هما ميرافشار,ماهور
,,,,262-3,اون نگاه گرم تو,جمال وفايي,محلي خرم آبادي,هما ميرافشار,ماهور
,,,,262-4,اون نگاه گرم تو,بيژن بيژني,محلي خرم آبادي,هما ميرافشار,ماهور
,,,,شماره,مطلع و نام ترانه,اجرا,آهنگ ساز,ترانه سرا,دستگاه (نغمه)
,,,,263-1,اي ساربان آهسته ران,شهيدي,جواد معروفي,سعدي,
,,,,263-2,اي ساربان آهسته ران,الهه,جواد معروفي,سعدي,
,,,,263-3,اي ساربان آهسته ران,احمد ظاهر,جواد معروفي,سعدي,
,,,,263-4,اي ساربان آهسته ران,سُلي,جواد معروفي,سعدي,
,,,,263-5,اي ساربان آهسته ران,كرامتي,جواد معروفي,سعدي,
,,,,263-6,اي ساربان آهسته ران,افتخاري,جواد معروفي,سعدي,
,,,,263-7,اي ساربان آهسته ران,هنگامه (افغاني),جواد معروفي,سعدي,
,,,,263-8,اي ساربان آهسته ران,سالار عقيلي,جواد معروفي,سعدي,
,,,,شماره,مطلع و نام ترانه,اجرا,آهنگ ساز,ترانه سرا,دستگاه (نغمه)
,,,,264-1,داغ تو دارد اين دلم,شهيدي,فرامرز پايور,مولوي,شور
,,,,264-2,داغ تو دارد اين دلم,ناشناس,فرامرز پايور,مولوي,شور
,,,,264-3,داغ تو دارد اين دلم,شهرام ناظري,فرامرز پايور,مولوي,شور
,,,,264-4,داغ تو دارد اين دلم,شجريان,فرامرز پايور,مولوي,شور
,,,,264-5,داغ تو دارد اين دلم,بيژن بيژني,فرامرز پايور,مولوي,شور
,,,,265,با گريه سر را به دامانت از غم,رويا,ح. بديعي,بيژن ترقي,سه گاه
,,,,266,بخوان ز نگاهم كه غرق گناهم,رويا,ح. بديعي,تورج نگهبان,افشاري
,,,,267-1,اي بانو، اي بانو بانو بانو,سيما بينا,محلي,محلي,دشتي
,,,,267-2,اي بانو، اي بانو بانو بانو,گروه كر,محلي,محلي,دشتي
,,,,شماره,مطلع و نام ترانه,اجرا,آهنگ ساز,ترانه سرا,دستگاه (نغمه)
,,,,267-3,اي بانو، اي بانو بانو بانو (اجرايي ديگر),سيما بينا,محلي,محلي,دشتي
,,,,267-4,اي بانو، اي بانو بانو بانو,جلال همتي,محلي,محلي,دشتي
,,,,268,باز بنفشه به ناز,سيما بينا,جواد معروفي,بهادر يگانه,ماهور
,,,,269-1,بگذار سر به سينه من تا كه بشنوي,سيما بينا,فرهاد فخرالديني,فريدون مشيري,دشتي
,,,,269-2,بگذار سر به سينه من,عليرضا قرباني,فرهاد فخرالديني,فريدون مشيري,دشتي
,,,,270-1,چو مرغ شب خواندي و رفتي,سيما بينا,محلي,محمد جعفري,شور
,,,,270-2,چو مرغ شب خواندي و رفتي (اجرايي ديگر),سيما بينا,محلي,محمد جعفري,شور
,,,,270-3,چو مرغ شب خواندي و رفتي,ايرج بسطامي,محلي,محمد جعفري,شور
,,,,شماره,مطلع و نام ترانه,اجرا,آهنگ ساز,ترانه سرا,دستگاه (نغمه)
,,,,270-4,چو مرغ شب خواندي و رفتي,بي كلام,محلي,,شور
,,,,271-1,درياي غمم سر در گريبان اي خدا,سيما بينا,محلي افغاني,محلي و ابو سعيد ابو الخير,شور
,,,,271-2,درياي غمم سر در گريبان اي خدا,بيژن بيژني,محلي افغاني,محلي و ابو سعيد ابو الخير,شور
,,,,272-1,ز فروردين شد شكفته چمن,مرضيه,يحيي زرين پنجه,ملك الشعراي بهار,ماهور
,,,,272-2,ز فروردين شد شكفته چمن,سيما بينا,يحيي زرين پنجه,ملك الشعراي بهار,ماهور
,,,,272-3,ز فروردين شد شكفته چمن,هنگامه اخوان,يحيي زرين پنجه,ملك الشعراي بهار,ماهور
,,,,شماره,مطلع و نام ترانه,اجرا,آهنگ ساز,ترانه سرا,دستگاه (نغمه)
,,,,272-4,ز فروردين شد شكفته چمن,سپيده رئيس سادات,يحيي زرين پنجه,ملك الشعراي بهار,ماهور
,,,,273-1,عزيز بشين به كنارم,سيما بينا,محلي,محلي,شور (دشتي)
,,,,273-2,عزيز بشين به كنارم,گلوريا روحاني,محلي,محلي,شور (دشتي)
,,,,273-3,عزيز بشين به كنارم,پري زنگنه,محلي,محلي,شور (دشتي)
,,,,273-4,عزيز بشين به كنارم,گروه كر,محلي,محلي,شور (دشتي)
,,,,273-5,عزيز بشين به كنارم,ناشناس,محلي,محلي,شور (دشتي)
,,,,274-1,مجنون نبودم، مجنونم كردي,سيما بينا,محلي,محلي,دشتي
,,,,274-2,مجنون نبودم، مجنونم كردي,الهه,محلي,محلي,دشتي
,,,,274-3,مجنون نبودم، مجنونم كردي,گروه كر,محلي,محلي,دشتي
,,,,شماره,مطلع و نام ترانه,اجرا,آهنگ ساز,ترانه سرا,دستگاه (نغمه)
,,,,274-4,مجنون نبودم، مجنونم كردي,مرتضي,محلي,محلي,دشتي
,,,,274-5,مجنون نبودم، مجنونم كردي,شيوا,محلي,محلي,دشتي
,,,,275-1,نگارينا قد چارشونه داري ليلا خانم,سيما بينا,محلي بيرجندي,,دشتي
,,,,275-2,نگارينا قد چارشونه داري ليلا خانم (اجرايي ديگر),سيما بينا,محلي بيرجندي,,دشتي
,,,,275-3,نگارينا قد چارشونه داري ليلا خانم,گروه كر,محلي بيرجندي,,دشتي
,,,,275-4,نگارينا قد چارشونه داري ليلا خانم,شور انگيز,محلي بيرجندي,,دشتي
,,,,ترانه هاي شجريان، عهديه، نادر گلچين، هايده، عارف، حميرا، سرهنگ زاده، مهستي، منوچهر سخايي، مهرپويا,,,,,
,,,,CD 9 (276 - 329),,,,,
,,,,شماره,مطلع و نام ترانه,اجرا,آهنگ ساز,ترانه سرا,دستگاه (نغمه)
,,,,276,آمده ام كه سر نهم,م. شجريان,مجيد درخشاني,مولوي,بيات زند
,,,,277-1,باد خزان وزان شد,شجريان,درويش خان,ملك الشعراي بهار,افشاري
,,,,277-2,باد خزان وزان شد,كرامتي,درويش خان,ملك الشعراي بهار,افشاري
,,,,278,بنشين به يادم شبي,شجريان,محمدرضا لطفي,ه. ا. سايه (ابتهاج),بيات ترك
,,,,279-1,بهار دلكش رسيد و دل به جا نباشد,عبدالله دوامي,درويش خان,ملك الشعراي بهار,ابوعطا
,,,,279-2,بهار دلكش رسيد و دل به جا نباشد,شجريان,درويش خان,ملك الشعراي بهار,ابوعطا
,,,,279-3,بهار دلكش رسيد و دل به جا نباشد,بهبود اف,درويش خان,ملك الشعراي بهار,ابوعطا
,,,,شماره,مطلع و نام ترانه,اجرا,آهنگ ساز,ترانه سرا,دستگاه (نغمه)
,,,,279-4,بهار دلكش رسيد و دل به جا نباشد (اجرايي ديگر),شجريان,درويش خان,ملك الشعراي بهار,ابوعطا
,,,,279-5,بهار دلكش رسيد و دل به جا نباشد,شكيلا,درويش خان,ملك الشعراي بهار,ابوعطا
,,,,279-6,بهار دلكش رسيد و دل به جا نباشد,ناشناس,درويش خان,ملك الشعراي بهار,ابوعطا
,,,,279-7,بهار دلكش رسيد و دل به جا نباشد,داوود آزاد,درويش خان,ملك الشعراي بهار,ابوعطا
,,,,279-8,بهار دلكش رسيد و دل به جا نباشد,كرامتي,درويش خان,ملك الشعراي بهار,ابوعطا
,,,,279-9,بهار دلكش رسيد و دل به جا نباشد (اجرايي ديگر),شجريان,درويش خان,ملك الشعراي بهار,ابوعطا
,,,,279-10,بهار دلكش رسيد و دل به جا نباشد,امل ساين,درويش خان,ملك الشعراي بهار,ابوعطا
,,,,280-1,به من گفتي كه دل دريا كن اي دوست,شجريان,حسن يوسف زماني,سياوش كسرايي,شور
,,,,شماره,مطلع و نام ترانه,اجرا,آهنگ ساز,ترانه سرا,دستگاه (نغمه)
,,,,280-2,به من گفتي كه دل دريا كن اي دوست,شكيلا,حسن يوسف زماني,سياوش كسرايي,شور
,,,,281-1,پر كن پياله را,شجريان,فريدون شهبازي,فريدون مشيري,ماهور
,,,,281-2,پر كن پياله را,هوشمند عقيلي,فريدون شهبازي,فريدون مشيري,ماهور
,,,,282,خشك آمد كشتگاه من,شجريان,مصطفي كسروي,نيما يوشيج,دشتي
,,,,283,در اين سراي بي كسي,شجريان,محمدرضا لطفي,ه. ا. سايه (ابتهاج),دشتي
,,,,284-1,ز دو ديده خون فشانم,شجريان,مصطفي كسروي,فخرالدين عراقي,همايون
,,,,284-2,ز دو ديده خون فشانم,پري زنگنه,مصطفي كسروي,فخرالدين عراقي,همايون
,,,,284-3,ز دو ديده خون فشانم,شكيلا,مصطفي كسروي,فخرالدين عراقي,همايون
,,,,شماره,مطلع و نام ترانه,اجرا,آهنگ ساز,ترانه سرا,دستگاه (نغمه)
,,,,284-4,ز دو ديده خون فشانم,امير آرام,مصطفي كسروي,فخرالدين عراقي,همايون
,,,,285-1,ز من نگارم عزيزم خبر ندارد,شجريان,درويش خان,ملك الشعراي بهار,ماهور
,,,,285-2,ز من نگارم عزيزم خبر ندارد (اجرايي ديگر),شجريان,درويش خان,ملك الشعراي بهار,ماهور
,,,,286-1,صبحدم ز شرق طلوعي در جهان كن,شجريان,درويش خان,حاجب,سه گاه
,,,,286-2,صبحدم ز شرق طلوعي در جهان كن,تعريف,درويش خان,حاجب,سه گاه
,,,,286-3,صبحدم ز شرق طلوعي در جهان كن,كرامتي,درويش خان,حاجب,سه گاه
,,,,287-1,غمت در نهانخانة دل نشيند,شجريان,محمدرضا لطفي,طبيب اصفهاني,سه گاه
,,,,287-2,غمت در نهانخانة دل نشيند,زندوكيل,محمدرضا لطفي,طبيب اصفهاني,سه گاه
,,,,شماره,مطلع و نام ترانه,اجرا,آهنگ ساز,ترانه سرا,دستگاه (نغمه)
,,,,287-3,غمت در نهانخانة دل نشيند,فرهاد كاظمي,محمدرضا لطفي,طبيب اصفهاني,سه گاه
,,,,288,مزن بر دل مزن بر دل,شجريان,حسن يوسف زماني,حافظ,دشتي
,,,,289-1,به سكوت سرد زمان,شجريان,محمدرضا شجريان,جواد آذر,ماهور
,,,,289-2,به سكوت سرد زمان (اجرايي ديگر),شجريان,محمدرضا شجريان,جواد آذر,ماهور
,,,,290,ياد ايامي كه در گلشن فغاني داشتم,شجريان,محمدرضا شجريان,رهي معيري,شور
,,,,291,اي دختر چوپون,عهديه,بلوچي,سعيد دبيري,
,,,,292,مشو از من گريزون,عهديه,انوشيروان روحاني,معيني كرمانشاهي,شور
,,,,293-1,هرگز هرگز هرگز بي تو نمي خندم,عهديه,,,
,,,,شماره,مطلع و نام ترانه,اجرا,آهنگ ساز,ترانه سرا,دستگاه (نغمه)
,,,,293-2,هرگز هرگز هرگز بي تو نمي خندم,جلال همتي,,,
,,,,293-3,هرگز هرگز هرگز بي تو نمي خندم,احمد ظاهر,,,
,,,,294,يه شب يه روز يه ماه,عهديه - عارف,انوشيروان روحاني,محمدعلي شيرازي,اصفهان
,,,,295,شعله ام شعله ام شعله سرگشته,نادر گلچين,نادر گلچين,لعبت والا,شور
,,,,296,نواي كاروان امشب زند,نادر گلچين,نصرت الله گلپايگاني,ابراهيم صفايي,دشتي
,,,,297,آورده خبر راوي,هايده,,,نوا
,,,,298,با آنكه همچون اشك غم,هايده,علي تجويدي,رهي معيري,سه گاه
,,,,299-1,به ديدن من بيا مهتاب دراومد,هايده,انوشيروان روحاني,,شور
,,,,299-2,به ديدن من بيا مهتاب دراومد,گروه كر,انوشيروان روحاني,,شور
,,,,شماره,مطلع و نام ترانه,اجرا,آهنگ ساز,ترانه سرا,دستگاه (نغمه)
,,,,300,خودم تنها، تنها دلم,هايده,انوشيروان روحاني,,دشتي
,,,,301,رفتم رفتم رفتم و بار سفر بستم,هايده,علي تجويدي,نواب صفا,دشتي
,,,,302,سر به روي شانه هايت,هايده,,,اصفهان
,,,,303,غم مخور روز جدايي سر مياد,عارف,,,
,,,,304,كاشكي دلي پريشون نمي شد,عارف,همايون خرم,محمدعلي شيرازي,
,,,,305,گل و شمعدون بيارين,عارف,,,
,,,,306,مخور غصه كه دنيا گذرونه,عارف,جهانبخش پازوكي,,
,,,,307,همه چيم يار همه چيم يار,عارف,انوشيروان روحاني,امان منطقي,
,,,,308-1,يه دل ميگه برم برم,عارف,انوشيروان روحاني,محمدعلي شيرازي,اصفهان
,,,,شماره,مطلع و نام ترانه,اجرا,آهنگ ساز,ترانه سرا,دستگاه (نغمه)
,,,,308-2,يه دل ميگه برم برم,احمد ظاهر,انوشيروان روحاني,محمدعلي شيرازي,اصفهان
,,,,309,اگر با دل مهربان تو من,حميرا,علي تجويدي,بيژن ترقي,همايون و سه گاه
,,,,310,به خاطر تو غرق گريه شدم,حميرا,پرويز ياحقي,بيژن ترقي,دشتي
,,,,311,به كنار لاله و گل,حميرا,علي تجويدي,بيژن ترقي,بيات ترك
,,,,312,خدايا تو خود اين وجود مرا,حميرا,علي تجويدي,بيژن ترقي,سه گاه
,,,,313-1,در برم آن ليلا چه بي قرار آمد,سرهنگ زاده,ح. بديعي,معيني كرمانشاهي,شور
,,,,313-2,در برم آن ليلا چه بي قرار آمد,رويا,ح. بديعي,معيني كرمانشاهي,شور
,,,,314-1,من شمعم شمع مرادم,رفيعي,مجيد وفادار,معيني كرمانشاهي,بيات ترك
,,,,شماره,مطلع و نام ترانه,اجرا,آهنگ ساز,ترانه سرا,دستگاه (نغمه)
,,,,314-2,من شمعم شمع مرادم,سرهنگ زاده,مجيد وفادار,معيني كرمانشاهي,بيات ترك
,,,,314-3,من شمعم شمع مرادم,حسن ستار,مجيد وفادار,معيني كرمانشاهي,بيات ترك
,,,,314-4,من شمعم شمع مرادم,بهزاد,مجيد وفادار,معيني كرمانشاهي,بيات ترك
,,,,315-1,من مستم و مدهوشم,سرهنگ زاده,ح. بديعي,معيني كرمانشاهي,دشتي
,,,,315-2,من مستم و مدهوشم,مرضيه,ح. بديعي,معيني كرمانشاهي,دشتي
,,,,316,آنكه دلم را برده خدايا,مهستي,پرويز ياحقي,بيژن ترقي,چهارگاه
,,,,317,به شهر و دياري ببر تو مرا,مهستي,همايون خرم,بهادر يگانه,اصفهان
,,,,318-1,بعد از تو هم در بستر غم مي توان خفت,مهستي,همايون خرم,تورج نگهبان,اصفهان
,,,,شماره,مطلع و نام ترانه,اجرا,آهنگ ساز,ترانه سرا,دستگاه (نغمه)
,,,,318-2,بعد از تو هم در بستر غم مي توان خفت,بهرام حصيري,همايون خرم,تورج نگهبان,اصفهان
,,,,319,دارم سؤالي اي خدا,مهستي,انوشيروان روحاني,معيني كرمانشاهي,شور - دشتي
,,,,320,دل مي گه دلبر مياد,مهستي,عماد رام,هما ميرافشار,شور
,,,,321,ساقي ببين آزرده ام,مهستي,همايون خرم,پرويز وكيلي,سه گاه
,,,,322,غمينم و تنها به خلوت شبها,مهستي,همايون خرم,بهادر يگانه,اصفهان
,,,,323,پرستويي شد و پرپر زنون رفت,منوچهر,ع. خرم,سيروس آرين پور,
,,,,324,شنيدم رفتي و همسر گرفتي,منوچهر,كامبيز مژدهي,پرويز وكيلي,
,,,,325-1,غروبا كه ميشه روشن چراغا,منوچهر,پرويز مقصدي,نوذر پرنگ,شور
,,,,شماره,مطلع و نام ترانه,اجرا,آهنگ ساز,ترانه سرا,دستگاه (نغمه)
,,,,325-2,غروبا كه ميشه روشن چراغا,گروه كر,پرويز مقصدي,نوذر پرنگ,شور
,,,,326,آن زمانها كز نگاه خسته مرغان دريايي,مهرپويا,عباس مهرپويا,داريوش روشن,اصفهان
,,,,327,تو از قبيلة ليلي من از قبيلة مجنون,مهرپويا,عباس مهرپويا,پرويز وكيلي,
,,,,328-1,شنيدم كه چون قوي زيبا بميرد,مهرپويا,مهرپويا - آروين موره,حميدي شيرازي,
,,,,328-2,شنيدم كه چون قوي زيبا بميرد,حبيب,مهرپويا - آروين موره,حميدي شيرازي,
,,,,329,كسي ديگر نمي كوبد درِ اين خانة متروك ويران را,مهرپويا,مهرپويا,داريوش روشن,اصفهان
,,,,ترانه هاي گلنراقي، فرشته، عماد رام، رامش، روانبخش، فرهاد، افسر شهيدي، گيتي، ناصر مسعودي، سيمين غانم، داريوش، گوگوش، فروغي، تاجيك، پري زنگنه، سُلي، شيباني، پريسا، ناظري، هنگامه اخوان، تعريف، افتخاري، كامكار، شاه زيدي، بيژن بيژني,,,,,
,,,,CD 10 (330 - 396),,,,,
,,,,شماره,مطلع و نام ترانه,اجرا,آهنگ ساز,ترانه سرا,دستگاه (نغمه)
,,,,330-1,مرا ببوس مرا ببوس,حسن گلنراقي,مجيد وفادار,حيدر رقابي,ماهور
,,,,330-2,مرا ببوس مرا ببوس,ويگن,مجيد وفادار,حيدر رقابي,ماهور
,,,,330-3,مرا ببوس مرا ببوس,الهه,مجيد وفادار,حيدر رقابي,ماهور
,,,,330-4,مرا ببوس مرا ببوس,عارف,مجيد وفادار,حيدر رقابي,ماهور
,,,,330-5,مرا ببوس مرا ببوس,گوگوش,مجيد وفادار,حيدر رقابي,ماهور
,,,,شماره,مطلع و نام ترانه,اجرا,آهنگ ساز,ترانه سرا,دستگاه (نغمه)
,,,,330-6,مرا ببوس مرا ببوس,خاطره پروانه,مجيد وفادار,حيدر رقابي,ماهور
,,,,26-Nov,باز دلم پر خونه امشب,فرشته,بزرگ لشگري,بيژن ترقي,دشتي
,,,,332,دلم از تو وفايي نمي بينه,فرشته,,,
,,,,333-1,چرا تو جلوه سازه اين,عماد رام,,معيني كرمانشاهي,شور
,,,,333-2,چرا تو جلوه سازه اين,حسن ستار,,معيني كرمانشاهي,شور
,,,,333-3,چرا تو جلوه سازه اين,مختاباد,,معيني كرمانشاهي,شور
,,,,334,بگذر از عشق افسانه مگو,رامش,حسن يوسف زماني,ايرج جنتي عطايي,
,,,,335,جشن و چراغان شد,غلامعلي روانبخش,ع. خرم,,
,,,,شماره,مطلع و نام ترانه,اجرا,آهنگ ساز,ترانه سرا,دستگاه (نغمه)
,,,,336,شب و روز قالي كرمان ببافم,روانبخش,ع. خرم,پرويز وكيلي,
,,,,337,نازنين مهربان هاي هاي,روانبخش,ع. خرم,پرويز وكيلي,
,,,,338-1,توي قاب خيس اين پنجره ها,فرهاد مهراد,اسفنديار منفردزاده,شهريار قنبري,
,,,,338-2,توي قاب خيس اين پنجره ها,گوگوش,اسفنديار منفردزاده,شهريار قنبري,
,,,,339,جغد بارون خورده اي تو كوچه فرياد مي زنه,فرهاد,اسفنديار منفردزاده,عباس صفاري,
,,,,340,روزي كه از تو جدا شدم,افسر شهيدي,,,همايون
,,,,341,بيا آسمون و با ستاره ها آشتي بده,گيتي,,,
,,,,342-1,گل مريم سر راه تو پرپر كردم,ايرج مهديان,كريم فكور,كريم فكور,شور
,,,,342-2,گل مريم سر راه تو پرپر كردم,گيتي پاشايي,كريم فكور,كريم فكور,شور
,,,,شماره,مطلع و نام ترانه,اجرا,آهنگ ساز,ترانه سرا,دستگاه (نغمه)
,,,,342-3,گل مريم سر راه تو پرپر كردم,شيدا,كريم فكور,كريم فكور,شور
,,,,343,بندة عشق و مستي,ناصر مسعودي,حسين صمدي,فتنه,
,,,,344,مرغ نامه بر نامه ام به بَر,ناصر مسعودي,حسين صمدي,نوذر پرنگ,
,,,,345,منم مسافر سرگردانم,ناصر مسعودي,حسين صمدي,فتنه,
,,,,346,آتش اي نور مقدس,سيمين غانم,,,
,,,,347,اين كه مثِ رهاييه,سيمين غانم,فريبرز لاچيني,شهريار قنبري,
,,,,348,شد زندگاني زندان من,سيمين غانم,مهدي خالدي,مير ناصر شريفي,همايون
,,,,شماره,مطلع و نام ترانه,اجرا,آهنگ ساز,ترانه سرا,دستگاه (نغمه)
,,,,349,رعنا جان، رعنا جان,سيمين غانم,مهدي خالدي,مير ناصر شريفي,ماهور
,,,,350,گر ماه شوي من آسمان خواهم شد,سيمين غانم,,علي اشتري,دشتي
,,,,351,گل گلدون من شكسته در باد,سيمين غانم,فريبرز لاچيني,,اصفهان
,,,,352,اي كه بي تو خودمو,داريوش,,,
,,,,353,بوي گندم مال من,داريوش,واروژان,شهريار قنبري,
,,,,354,تنگ غروبه خورشيد اسيره,داريوش - افشين - كيوان,پرويز مقصدي,كريم محمودي,
,,,,355,در اين حال مستي صفا كردم,داريوش,عماد رام,معيني كرمانشاهي,
,,,,356-1,آهاي دختر دريا,گوگوش,پرويز اتابكي,,
,,,,شماره,مطلع و نام ترانه,اجرا,آهنگ ساز,ترانه سرا,دستگاه (نغمه)
,,,,356-2,آهاي دختر دريا (اجرایی دیگر),گوگوش,پرویز اتابکی,,
,,,,357,توی یک دیوار سنگی,گوگوش,حسن شماعی زاده,اردلان سرفراز,
,,,,358,شادی جان منی وقتی داری می خندی,گوگوش,,,
,,,,359,ناز تو بنازم ای مایۀ دلنوازی,گوگوش,سلیمان اکبری,محمدعلي شيرازي,
,,,,360,اگه ماه از آسمون پایین بیاد در بزنه,فریدون فرخزاد,آزرم,اعلامی,
,,,,361,چرا وقتی که آدم تنها می شه,فریدون فروغی,اسفنديار منفردزاده,آرش,
,,,,362,دلم از خیلی روزا با کسی نیست,فریدون فروغی,اسفنديار منفردزاده,فرهاد شیبانی,
,,,,363,رنج و عذاب از من,فریدون فروغی,فریدون فروغی,فرهنگ قاسمی,
,,,,شماره,مطلع و نام ترانه,اجرا,آهنگ ساز,ترانه سرا,دستگاه (نغمه)
,,,,364,دگر امشب ساقی از چشمانت,امان الله تاجیک,,تورج نگهبان,
,,,,365,ز رود کارون به خدا,امان الله تاجیک,جمشید احمدی,جمشید احمدی,
,,,,366,ستاره ای امشب می تابد بر ما,امان الله تاجیک,سدیف,,
,,,,367-1,می خوام برم کوه,پری زنگنه,محلی,,اصفهان
,,,,367-2,می خوام برم کوه,همسرایان,محلی,,اصفهان
,,,,367-3,می خوام برم کوه,کورش یغمایی,محلی,,اصفهان
,,,,367-4,می خوام برم کوه,بی کلام,محلی,,اصفهان
,,,,368,گل گندم شکفته,پری زنگنه,محلی,,
,,,,369,ستاره آسمون آی آسمون,پری زنگنه,محلی گیلکی,محلی,اصفهان
,,,,370,پر گُل و سنبل شدند,سُلي,منصور ایران نژاد,,
,,,,شماره,مطلع و نام ترانه,اجرا,آهنگ ساز,ترانه سرا,دستگاه (نغمه)
,,,,371-1,سیمین بری گل پیکری آری,جمشید شیبانی,جمشید شیبانی,ابراهيم صفايي,اصفهان
,,,,371-2,سیمین بری گل پیکری آری,ویگن,جمشید شیبانی,ابراهيم صفايي,اصفهان
,,,,372-1,الا ای پیر فرزانه,پریسا,حسین علیزاده,حافظ,نوا
,,,,372-2,الا ای پیر فرزانه,شکیلا,حسین علیزاده,حافظ,نوا
,,,,373-1,ای یوسف خوشنام ما,پریسا,رضا شفیعیان,مولوي,بیات ترک
,,,,373-2,ای یوسف خوشنام ما,شجريان,رضا شفیعیان,مولوي,بیات ترک
,,,,373-3,ای یوسف خوشنام ما,پریسا,رضا شفیعیان,مولوي,بیات ترک
,,,,373-4,ای یوسف خوشنام ما,شکیلا,رضا شفیعیان,مولوي,بیات ترک
,,,,شماره,مطلع و نام ترانه,اجرا,آهنگ ساز,ترانه سرا,دستگاه (نغمه)
,,,,374,دلا نزد کسی بنشین,ناظری,جلال ذوالفنون,حافظ,بیات ترک
,,,,375,مرا عاشق چنان باید,ناظری,پرویز مشکاتیان,مولوي,شور
,,,,376,می گذرد کاروان روی گل ارغوان,ناظری,محمدرضا لطفي,محمد ذکایی,همایون (شوشتری)
,,,,377-1,باز آمدم باز آمدم,هنگامه اخوان,محمدرضا لطفي,مولوي,افشاري
,,,,377-2,باز آمدم باز آمدم,پریسا,محمدرضا لطفي,مولوي,افشاري
,,,,377-3,باز آمدم باز آمدم,شکیلا,محمدرضا لطفي,مولوي,افشاري
,,,,377-4,باز آمدم باز آمدم,مختاباد,محمدرضا لطفي,مولوي,افشاري
,,,,378-1,عاشقی محنت بسیار کشید,قمر,,ایرج میرزا,همایون
,,,,شماره,مطلع و نام ترانه,اجرا,آهنگ ساز,ترانه سرا,دستگاه (نغمه)
,,,,378-2,عاشقی محنت بسیار کشید,هنگامه اخوان,,ایرج میرزا,همایون
,,,,379,از نگاه یاران به یاران,تعريف,ذوالفنون - تعریف,فریدون همراه,بیات ترک
,,,,380,بیا تا که دستی برآریم,تعريف,تعریف - عندلیبی - فرجپوری,فریدون مشیری,شور
,,,,381,چون است حال بُستان,تعريف,پشنگ کامکار,سعدی,راست پنجگاه
,,,,382,مرا عشق رویت بیچاره کرده,تعريف,علی اکبر شیدا,شیدا - همراه,ابوعطا
,,,,383,نسیم سحر بر چمن گذر کن,تعريف,علی اکبر شهنازی,بهار,ابوعطا
,,,,384,با یادت سرمستم ای نگاه آسمانی,افتخاري,مرتضی نی داوود,فریدون مشیری,اصفهان
,,,,شماره,مطلع و نام ترانه,اجرا,آهنگ ساز,ترانه سرا,دستگاه (نغمه)
,,,,385,بیا که گل جوانه کرده,افتخاري,علی جعفریان,بیژن ترقی,
,,,,386,ساقیا بده جامی,افتخاري,محمدجواد ضرابیان,شیخ بهایی,شور
,,,,387,شاه من ماه من رحمتی به حال زارم,افتخاري,مرتضی نی داوود,پژمان بختیاری,اصفهان
,,,,388-1,عشق شوری در نهاد ما نهاد,افتخاري,حسین شهبازیان,فخرالدين عراقي,اصفهان
,,,,388-2,عشق شوری در نهاد ما نهاد (اجرایی دیگر با گروه ارکستر),افتخاري,حسین شهبازیان,فخرالدين عراقي,اصفهان
,,,,389,یارا یارا گاهی دل ما را,افتخاري,عباس خوشدل,قیصر امین پور,اصفهان
,,,,390-1,ای عاشقان، ای عاشقان,بیژن کامکار,حسین علیزاده,ه. ا. سايه (ابتهاج),چهارگاه
,,,,390-2,ای عاشقان، ای عاشقان,شجريان,حسین علیزاده,ه. ا. سايه (ابتهاج),چهارگاه
,,,,شماره,مطلع و نام ترانه,اجرا,آهنگ ساز,ترانه سرا,دستگاه (نغمه)
,,,,390-3,ای عاشقان، ای عاشقان,زویا ثابت,حسین علیزاده,ه. ا. سايه (ابتهاج),ابوعطا
,,,,391,می و میخانه مست و می کشان مست,شاه زیدی,علی تجویدی,بیژن ترقی,دشتي
,,,,392,از همه زیباتری آینه سیمای من,بیژن بیژنی,پشنگ کامکار,فریدون مشیری,ماهور
,,,,393,ای عشق همه بهانه از توست,بیژن بیژنی,اسماعیل واثقی,ه. ا. سايه (ابتهاج),
,,,,394,به خار زار جهان,بیژن بیژنی,پشنگ کامکار,فریدون مشیری,ماهور
,,,,395,به کجا چنین شتابان,بیژن بیژنی,پشنگ کامکار,شفیعی کدکنی,ماهور
,,,,396,بی تو مهتاب شبی باز از آن کوچه گذشتم,بیژن بیژنی,اسماعیل واثقی,فریدون مشیری,
,,,,ترانه هاي متفرقه، سرودها، ترانه های محلی و لالایی ها,,,,,
,,,,CD 11 (397 - 470),,,,,
,,,,شماره,مطلع و نام ترانه,اجرا,آهنگ ساز,ترانه سرا,دستگاه (نغمه)
,,,,397,بیا تا لیلی و مجنون شویم,معین,جمشید شیبانی,اسعد گرگانی,افشاري
,,,,398,دراومدی ز خونه,گروه كر,,,
,,,,399,آتش شعله برکش,گروه كر,,,
,,,,400,آن زمان که بنهادم,ناظری,محمدرضا لطفي,فرخی یزدی,ماهور
,,,,401,از درون شب تار,همسرایان,,,
,,,,402-1,ای ایران ای مرز پرگهر,بنان,روح الله خالقی,حسین گل گلاب,دشتي
,,,,402-2,ای ایران ای مرز پرگهر,رشید وطن دوست,روح الله خالقی,حسین گل گلاب,دشتي
,,,,402-3,ای ایران ای مرز پرگهر,اسفندیار قره باغی,روح الله خالقی,حسین گل گلاب,دشتي
,,,,شماره,مطلع و نام ترانه,اجرا,آهنگ ساز,ترانه سرا,دستگاه (نغمه)
,,,,402-4,ای ایران ای مرز پرگهر,رضا شاکری,روح الله خالقی,حسین گل گلاب,دشتي
,,,,402-5,ای ایران ای مرز پرگهر,اندی - کوروس,روح الله خالقی,حسین گل گلاب,دشتي
,,,,402-6,ای ایران ای مرز پرگهر,جهانشاهی,روح الله خالقی,حسین گل گلاب,دشتي
,,,,403,ایران ای سرای امید,شجريان,محمدرضا لطفي,ه. ا. سايه (ابتهاج),ماهور
,,,,404,ایران خورشیدی تابان دارد,شجريان,حسین علیزاده,ا. سپهر,چهارگاه
,,,,405-1,ای رفیقان، قهرمانان,همسرایان,فکرت امیروف,,شور
,,,,405-2,ای رفیقان، قهرمانان,,فکرت امیروف,,شور
,,,,405-3,ای رفیقان، قهرمانان,آذری,فکرت امیروف,,شور
,,,,شماره,مطلع و نام ترانه,اجرا,آهنگ ساز,ترانه سرا,دستگاه (نغمه)
,,,,406,ای لالۀ خفته در خاک و خون,همسرایان,حسین علیزاده,حمید حمزه,اصفهان
,,,,407,باد و توفان گر کند غوغا برپا,همسرایان,محلی گیلکی,دال - هم بند,
,,,,408-1,بار دیگر شازدهم آذر,,,,اصفهان
,,,,408-2,بار دیگر شازدهم آذر,همسرایان,,,اصفهان
,,,,409,بیا که دوست بداریم یاران را,,,خسرو گلسرخی,
,,,,410,بر پا خیز از جا کن,همسرایان,ویکتور خارا,,
,,,,411,برخیز که دشمن به دیار آمده امروز,شهرام ناظري,محمدرضا لطفي,مجتبی کاشانی,ماهور
,,,,412,بعد از آن مرداد گران,,,,
,,,,413,به پرنیان شفق ز خون شراره دمید,,,,
,,,,414,بیا تا به یاد شهیدان تیر,,,,
,,,,شماره,مطلع و نام ترانه,اجرا,آهنگ ساز,ترانه سرا,دستگاه (نغمه)
,,,,415,بیا جلوه کن ای هماره یاد,,,,
,,,,416,پاییز آمد در میان درختی,,,,اصفهان
,,,,417-1,تنیده یاد تو,احمد ظاهر,,ابوالقاسم لاهوتی,دشتي
,,,,417-2,تنیده یاد تو,محمدرضا شجريان,جلیل عندلیبی,ابوالقاسم لاهوتی,دشتي
,,,,417-3,تنیده یاد تو,شجريان,جلیل عندلیبی,ابوالقاسم لاهوتی,دشتي
,,,,417-4,تنیده یاد تو,افتخاري,جلیل عندلیبی,ابوالقاسم لاهوتی,دشتي
,,,,418,توده را با جنگ صنفی آشنا باید نمود,همسرایان,,فرخی یزدی,ماهور
,,,,419,تیغ باید خون فشاند,همسرایان,محمدرضا لطفي,ابوالقاسم لاهوتی,اصفهان
,,,,420-1,چه کسی خواهد من و تو ما نشویم,همسرایان,,حمید مصدق,
,,,,شماره,مطلع و نام ترانه,اجرا,آهنگ ساز,ترانه سرا,دستگاه (نغمه)
,,,,420-2,چه کسی خواهد من و تو ما نشویم,حسن ستار,,حمید مصدق,
,,,,421,دیده بگشا ای برادر,شهرام ناظري,محمدرضا لطفي,,چهارگاه
,,,,422,زده شعله در چمن,همسرایان,محلی,,همایون (شوشتری)
,,,,423,ژاله بر سنگ افتاد چون شد,همسرایان,حسین علیزاده,سیاوش کسرایی,
,,,,424,سر اومد زمستون,همسرایان,محلی,,
,,,,425,شب است و چهرۀ میهن سیاهه,شجريان,محمدرضا لطفي,اصلان اصلانیان,دشتي
,,,,426,شب که تاریکی می افتد بی گاه به بام من و تو,شهرام ناظري,حسین علیزاده,سیاوش کسرایی,شور
,,,,427,شد زمام ملتی سپرده دست دولتی,,حسین ملک,ابوالحسن صبا,ماهور
,,,,428,شهید شهید شهید راه تو افتخار,شهرام ناظري,حسین علیزاده,امیر برغشی,شور
,,,,شماره,مطلع و نام ترانه,اجرا,آهنگ ساز,ترانه سرا,دستگاه (نغمه)
,,,,429,عمری در کار عمری در کار,همسرایان,,,همایون
,,,,430,قسم خوردم بر تو من ای عشق,همسرایان,,,ماهور
,,,,431-1,کجایید ای شهیدان خدایی,بیژن کامکار,هوشنگ کامکار,مولوي,ماهور
,,,,431-2,کجایید ای شهیدان خدایی,شهرام ناظري,هوشنگ کامکار,مولوي,ماهور
,,,,432,ما دلیرانه به تاریکی شب تاخته ایم,شهرام ناظري,محمدرضا لطفي,مجتبی کاشانی,افشاري
,,,,433,می گذرد در شب آیینۀ رود,همسرایان,قدیمی,,
,,,,434,هر که در جان و دلش قطره ای خون آزادی خواهیست,همسرایان,محلی بویراحمدی,,همایون (بیداد)
,,,,435,همت کنید ای دوستان,همسرایان,,,
,,,,436-1,همراه شو عزیز تنها نمان به درد,محمدرضا شجريان,پرویز مشکاتیان,برزین آذرمهر,اصفهان
,,,,436-2,همراه شو عزیز تنها نمان به درد,محسن نامجو,پرویز مشکاتیان,برزین آذرمهر,اصفهان
,,,,437,هوا دلپذیر شد,همسرایان,کرامت الله دانشیان,کرامت الله دانشیان,
,,,,ترانه های محلی,,,,,
,,,,CD 12 (438 – 489),,,,,
,,,,شماره,مطلع و نام ترانه,اجرا,آهنگ ساز,ترانه سرا,دستگاه (نغمه)
,,,,438-1,آراز آخار لیل ایله,ایلگار مرادف,محلی آذری,محلی آذری,
,,,,438-2,آراز آخار لیل ایله,,محلی آذری,محلی آذری,
,,,,438-3,آراز آخار لیل ایله,عزیز مصطفی زاده,محلی آذری,محلی آذری,
,,,,439,آراز آخار لیل ایله,,محلی قدیمی,محلی قدیمی,افشاري
,,,,440,آلقیش وطن یولوندا,,,,
,,,,497,آی قیز، گزمه آرالی,,محلی,محلی,شور
,,,,441,ایله بیلدیم باهار گلدی,,,,
,,,,442,بوز آت سنی سر طوله ده باغلا رام,,محلی,محلی,سه گاه
,,,,443-1,بولبوللراوخور,رشید بهبودف,محلی,محلی,شکسته فارس
,,,,شماره,مطلع و نام ترانه,اجرا,آهنگ ساز,ترانه سرا,دستگاه (نغمه)
,,,,443-2,بولبوللراوخور,همسرایان,محلی,محلی,شکسته فارس
,,,,444-1,پنجره نین میللری آی بری باخ,,محلی قدیمی,محلی قدیمی,
,,,,444-2,پنجره نین میللری آی بری باخ,,محلی,محلی قدیمی,
,,,,444-3,پنجره نین میللری آی بری باخ,,محلی,محلی قدیمی,
,,,,445,خیردا اینجه آرخیدیم,,محلی,محلی,
,,,,446,سحرین بوشن چاغیندانه,,محلی,محلی,
,,,,447,سن سن ییزه گوزل وطن,,محلی,محلی,
,,,,448,سن شاعر اورلگی چوپان,,محلی,محلی,
,,,,449,قالانین دینبده یخیلدیم,,محلی,محلی,
,,,,450-1,کوچه لره سوسپمیشم,رشید بهبودف,محلی قدیمی,محلی قدیمی,اصفهان
,,,,شماره,مطلع و نام ترانه,اجرا,آهنگ ساز,ترانه سرا,دستگاه (نغمه)
,,,,450-2,کوچه لره سوسپمیشم,اجرای دوم,محلی قدیمی,محلی قدیمی,اصفهان
,,,,450-3,کوچه لره سوسپمیشم,اجرای سوم,محلی قدیمی,محلی قدیمی,اصفهان
,,,,450-4,کوچه لره سوسپمیشم,اجرای چهارم,محلی قدیمی,محلی قدیمی,اصفهان
,,,,451,گلمیم اوتاغینا اویادم سنی,,محلی آذری,محلی آذری,شور
,,,,452-1,من عاشیقم، زیره سن,رشید بهبودف,محلی قدیمی,محلی قدیمی,
,,,,452-2,من عاشیقم، زیره سن,,محلی قدیمی,محلی قدیمی,
,,,,452-3,من عاشیقم، زیره سن,,محلی قدیمی,محلی قدیمی,
,,,,453-1,من گلمیشم سنه قونای,,محلی آذری,محلی آذری,
,,,,شماره,مطلع و نام ترانه,اجرا,آهنگ ساز,ترانه سرا,دستگاه (نغمه)
,,,,453-2,من گلمیشم سنه قونای,محمد نوری,محلی آذری,محلی آذری,
,,,,454-1,تو بیوتی مُوبنشین,پری زنگنه,محلی بختیاری,محلی بختیاری,
,,,,454-2,تو بیوتی مُوبنشین,منیر وکیلی,محلی بختیاری,محلی بختیاری,
,,,,454-3,تو بیوتی مُوبنشین,همسرایان,محلی بختیاری,محلی بختیاری,
,,,,454-4,تو بیوتی مُوبنشین,محمد نوری,محلی بختیاری,محلی بختیاری,
,,,,454-5,تو بیوتی مُوبنشین,گروه كر,محلی بختیاری,محلی بختیاری,
,,,,455-1,دست به دسمالم نزن,قوامی - الهه,محلی بختیاری,محلی بختیاری,همایون (شوشتری)
,,,,455-2,دست به دسمالم نزن,پری زنگنه,محلی بختیاری,محلی بختیاری,همایون (شوشتری)
,,,,شماره,مطلع و نام ترانه,اجرا,آهنگ ساز,ترانه سرا,دستگاه (نغمه)
,,,,456,سر کوههای بختیاری کمین بنشینم,منوچهر سخایی,محلی بختیاری,محلی بختیاری,
,,,,457,مُو ز عشق تو ستاره ایشمارُم,,محلی بختیاری,محلی بختیاری,
,,,,458-1,مولُرِ بلیط خورم,پروین علیپور,محلی بختیاری,محلی بختیاری,شور
,,,,458-2,مولُرِ بلیط خورم,مینو جوان,محلی بختیاری,محلی بختیاری,شور
,,,,458-3,مولُرِ بلیط خورم,منیر وکیلی,محلی بختیاری,محلی بختیاری,شور
,,,,458-4,مولُرِ بلیط خورم,سیما بینا,محلی بختیاری,محلی بختیاری,شور
,,,,458-5,مولُرِ بلیط خورم,همسرایان,محلی بختیاری,محلی بختیاری,شور
,,,,459-1,دختر بویر احمدی نُومت ندونم,مینو جوان,محلی بویراحمدی,محلی بویراحمدی,همایون (بیداد)
,,,,شماره,مطلع و نام ترانه,اجرا,آهنگ ساز,ترانه سرا,دستگاه (نغمه)
,,,,459-2,دختر بویر احمدی نُومت ندونم,منیر وکیلی,محلی بویراحمدی,محلی بویراحمدی,همایون (بیداد)
,,,,459-3,دختر بویر احمدی نُومت ندونم,همسرایان,محلی بویراحمدی,محلی بویراحمدی,همایون (بیداد)
,,,,459-4,دختر بویر احمدی نُومت ندونم,همسرایان,محلی بویراحمدی,محلی بویراحمدی,همایون (بیداد)
,,,,460,دلم از دنیا گرفته باباکوهی,درویش جاویدان,محلی شیرازی,محلی شیرازی,
,,,,461-1,به گلی سایه چمن سایه چمن,پری زنگنه,محلی ممسنی,محلی ممسنی,شور (دشتي)
,,,,461-2,به گلی سایه چمن سایه چمن,همسرایان,محلی ممسنی,محلی ممسنی,شور (دشتي)
,,,,461-3,به گلی سایه چمن سایه چمن,رشید بهبودف,محلی ممسنی,محلی ممسنی,شور (دشتي)
,,,,شماره,مطلع و نام ترانه,اجرا,آهنگ ساز,ترانه سرا,دستگاه (نغمه)
,,,,462-1,آی سرکُتل پایین کتُل,مینو جوان,محلی ممسنی,محلی ممسنی,اصفهان
,,,,462-2,آی سرکُتل پایین کتُل,همسرایان,محلی ممسنی,محلی ممسنی,اصفهان
,,,,462-3,آی سرکُتل پایین کتُل,همسرایان,محلی ممسنی,محلی ممسنی,اصفهان
,,,,463,آفتاب سر کوه نور افشونه,همسرایان,محلی قوچانی,محلی,شور (دشتي)
,,,,464-1,امروز دو روزه للو,پری زنگنه,محلی قوچانی,محلی,شور
,,,,464-2,امروز دو روزه للو,همسرایان,محلی قوچانی,محلی,شور
,,,,464-3,امروز دو روزه للو,گلوریا روحانی,محلی قوچانی,محلی,شور
,,,,464-4,امروز دو روزه للو,همسرایان,محلی قوچانی,محلی,شور
,,,,شماره,مطلع و نام ترانه,اجرا,آهنگ ساز,ترانه سرا,دستگاه (نغمه)
,,,,465,خداوندا دلم به جایی بنده,سیما بینا,محلی خواف,محلی,ماهور
,,,,466-1,شاه صنم زیبا صنم,سیما بینا,محلی خراسانی,محلی خراسانی,شور (دشتي)
,,,,466-2,شاه صنم زیبا صنم (اجرایی دیگر),سیما بینا,محلی خراسانی,محلی خراسانی,شور (دشتي)
,,,,467-1,نوایی، نوایی همه با وفایند,سیما بینا,محلی تربت جام,طبیب اصفهانی,ماهور
,,,,467-2,نوایی، نوایی همه با وفایند,محلی,محلی تربت جام,طبیب اصفهانی,ماهور
,,,,467-3,نوایی، نوایی همه با وفایند,بیژن بیژنی,محلی تربت جام,طبیب اصفهانی,ماهور
,,,,شماره,مطلع و نام ترانه,اجرا,آهنگ ساز,ترانه سرا,دستگاه (نغمه)
,,,,467-4,نوایی، نوایی همه با وفایند,شکیلا,محلی تربت جام,طبیب اصفهانی,ماهور
,,,,467-5,نوایی، نوایی همه با وفایند,جهان,محلی تربت جام,طبیب اصفهانی,ماهور
,,,,467-6,نوایی، نوایی همه با وفایند,مهرداد کاظمی,محلی تربت جام,طبیب اصفهانی,ماهور
,,,,467-7,نوایی، نوایی همه با وفایند,رضا رویگری,محلی تربت جام,طبیب اصفهانی,ماهور
,,,,467-8,نوایی، نوایی همه با وفایند,شادمهر عقیلی,محلی تربت جام,طبیب اصفهانی,ماهور
,,,,467-9,نوایی، نوایی همه با وفایند,دریا دادور,محلی تربت جام,طبیب اصفهانی,ماهور
,,,,شماره,مطلع و نام ترانه,اجرا,آهنگ ساز,ترانه سرا,دستگاه (نغمه)
,,,,468-1,غمت در نهانخانة دل نشيند,جمال وفايي,محلی تربت جام,طبیب اصفهانی,ماهور
,,,,468-2,غمت در نهانخانة دل نشيند,مهسا,محلی تربت جام,طبیب اصفهانی,ماهور
,,,,468-3,غمت در نهانخانة دل نشيند,زویا ثابت,محلی تربت جام,طبیب اصفهانی,ماهور
,,,,468-4,غمت در نهانخانة دل نشيند,عارف,محلی تربت جام,طبیب اصفهانی,ماهور
,,,,469,گر خدا نصرت بیایه,گلوریا روحانی,محلی شوشتری,محلی شوشتری,همایون (شوشتری)
,,,,470,هوار هوار یا هوار یارُم میایه,بندری,محلی بندری,محلی بندری,
,,,,471,دمکُل دمکُل دمکُل,پری زنگنه,محلی کردی,محلی,شور (دشتي)
,,,,472,که ده لین ته مروده دشت,,محلی کردی,پیره مرد,
,,,,473,گه رچی تووشی ره نجه,,محلی کردی,هیمن,
,,,,شماره,مطلع و نام ترانه,اجرا,آهنگ ساز,ترانه سرا,دستگاه (نغمه)
,,,,474,ئه ی و ته ن چه ن خوشه,,محلی کردی,زیوه ر,
,,,,475-1,تی حال می حال آی,احمد آشور پور,محلی گیلکی,محلی گیلکی,سه گاه
,,,,475-2,تی حال می حال آی,,محلی گیلکی,محلی گیلکی,سه گاه
,,,,476-1,عمو دختر بامم تی بردنه ره,احمد آشور پور,محلی تالشی,گیلکی,دشتي
,,,,476-2,عمو دختر بامم تی بردنه ره,مینو جوان,محلی تالشی,گیلکی,دشتي
,,,,476-3,عمو دختر بامم تی بردنه ره,هوروش خلیلی,محلی تالشی,گیلکی,دشتي
,,,,477-1,گل پامچال بیرون بیا,عزت روحبخش,محلی گیلکی,ایرج دهقان,دشتي
,,,,477-2,گل پامچال بیرون بیا,عزت روحبخش,محلی گیلکی,ایرج دهقان,دشتي
,,,,477-3,گل پامچال بیرون بیا,بیژن بیژنی,محلی گیلکی,ایرج دهقان,دشتي
,,,,شماره,مطلع و نام ترانه,اجرا,آهنگ ساز,ترانه سرا,دستگاه (نغمه)
,,,,478,چقدر جنگل خوسی، ملت واسی,ناصر مسعودي,محلی گیلکی,خواهر میرزا,دشتی
,,,,479,من بجار کاره، نوکونم ماره,احمد آشور پور,محلی گیلکی,محلی گیلکی,
,,,,480-1,تفنگ حیفه که آهو بکُشی آهو قشنگه,رضا سقایی,محلی خرم آبادی,محلی خرم آبادی,ماهور
,,,,480-2,تفنگ حیفه که آهو بکُشی آهو قشنگه,سیما بینا,محلی خرم آبادی,محلی خرم آبادی,ماهور
,,,,481,دلی دارم چو نی نالم ز رویت,,محلی لرستانی,,
,,,,482-1,ناخونامه کشی ین چشیام سوختن,,محلی لرستانی,,ماهور
,,,,482-2,ناخونامه کشی ین چشیام سوختن,,محلی لرستانی,,ماهور
,,,,483-1,هالوگنم خره,رضا سقایی,محلی خرم آبادی,محلی خرم آبادی,ماهور
,,,,شماره,مطلع و نام ترانه,اجرا,آهنگ ساز,ترانه سرا,دستگاه (نغمه)
,,,,483-2,هالوگنم خره,علی اکبر شکارچی,محلی خرم آبادی,محلی خرم آبادی,ماهور
,,,,484-1,دقلا کرده ودرشمشیرو دسش,علی اکبر شکارچی,محلی خرم آبادی,محلی خرم آبادی,ماهور
,,,,484-2,دقلا کرده ودرشمشیرو دسش,محمود زاوندی,محلی خرم آبادی,محلی خرم آبادی,ماهور
,,,,484-3,دقلا کرده ودرشمشیرو دسش,علی اکبر شکارچی,محلی خرم آبادی,محلی خرم آبادی,ماهور
,,,,484-4,دقلا کرده ودرشمشیرو دسش,سیما بینا,محلی خرم آبادی,محلی خرم آبادی,ماهور
,,,,485,ته ستونی ستونی تِه سرکاخ اعیونی,,محلی مازندرانی,محلی مازندرانی,
,,,,486,شو بییه تاریک تاریک,,محلی مازندرانی,محلی مازندرانی,
,,,,487-1,عزیز جون دست من بر دامنته,پری زنگنه,محلی مازندرانی,محلی مازندرانی,
,,,,شماره,مطلع و نام ترانه,اجرا,آهنگ ساز,ترانه سرا,دستگاه (نغمه)
,,,,487-2,عزیز جون دست من بر دامنته,همسرایان,محلی مازندرانی,محلی مازندرانی,
,,,,487-3,عزیز جون دست من بر دامنته,همسرایان,محلی مازندرانی,محلی مازندرانی,
,,,,487-4,عزیز جون دست من بر دامنته,,محلی مازندرانی,محلی مازندرانی,
,,,,488,نما شونه سَرومه ونگ ونگه,,محلی مازندرانی,محلی مازندرانی,
,,,,489,نما شونه سَرومیچکابَروپَر,,محلی مازندرانی,محلی مازندرانی,
,,,,لالایی ها,,,,,
,,,,CD 12 (490 – 496),,,,,
,,,,شماره,مطلع و نام ترانه,اجرا,آهنگ ساز,ترانه سرا,دستگاه (نغمه)
,,,,490,لالا، لالا، گل پونه,,,,
,,,,491,لالای لای لای گل پونه,با همسرایان,,احمد شاملو,
,,,,492,لای لای لای لای,سیما بینا,,,
,,,,493-1,سرخونه دلم لونه دلم,محمد نوری,ناصر حسینی,یدالله رویایی,
,,,,493-2,سرخونه دلم لونه دلم,محمد نوری,ناصر حسینی,یدالله رویایی,
,,,,494,لالایی کن بخواب خوابت قشنگه,گوگوش,,,
,,,,495,لالای لالای زندگی سرابه,عهدیه,,,
,,,,496,لای، لای دئدیم یاتاسان,,محلی آذری,محلی آذری,
